frame,time_sec,similarity_pct,is_match,threshold,status
1,0.033,,,75.0,no_face
2,0.067,72.58,False,75.0,mismatch
3,0.1,72.04,False,75.0,mismatch
4,0.133,76.22,True,75.0,match
5,0.167,76.22,True,75.0,match
6,0.2,76.44,True,75.0,match
7,0.233,74.99,False,75.0,mismatch
8,0.267,75.43,True,75.0,match
9,0.3,74.41,False,75.0,mismatch
10,0.333,,,75.0,no_face
11,0.367,,,75.0,no_face
12,0.4,,,75.0,no_face
13,0.433,,,75.0,no_face
14,0.467,72.17,False,75.0,mismatch
15,0.5,74.37,False,75.0,mismatch
16,0.533,73.74,False,75.0,mismatch
17,0.567,71.48,False,75.0,mismatch
18,0.6,73.02,False,75.0,mismatch
19,0.633,71.27,False,75.0,mismatch
20,0.667,71.56,False,75.0,mismatch
21,0.7,70.20,False,75.0,mismatch
22,0.733,70.02,False,75.0,mismatch
23,0.767,67.17,False,75.0,mismatch
24,0.8,,,75.0,no_face
25,0.833,,,75.0,no_face
26,0.867,,,75.0,no_face
27,0.9,,,75.0,no_face
28,0.933,,,75.0,no_face
29,0.967,,,75.0,no_face
30,1.0,,,75.0,no_face
31,1.033,,,75.0,no_face
32,1.067,,,75.0,no_face
33,1.1,,,75.0,no_face
34,1.133,,,75.0,no_face
35,1.167,,,75.0,no_face
36,1.2,,,75.0,no_face
37,1.233,,,75.0,no_face
38,1.267,,,75.0,no_face
39,1.3,,,75.0,no_face
40,1.333,,,75.0,no_face
41,1.367,,,75.0,no_face
42,1.4,,,75.0,no_face
43,1.433,,,75.0,no_face
44,1.467,,,75.0,no_face
45,1.5,,,75.0,no_face
46,1.533,,,75.0,no_face
47,1.567,,,75.0,no_face
48,1.6,,,75.0,no_face
49,1.633,,,75.0,no_face
50,1.667,,,75.0,no_face
51,1.7,,,75.0,no_face
52,1.733,,,75.0,no_face
53,1.767,,,75.0,no_face
54,1.8,,,75.0,no_face
55,1.833,,,75.0,no_face
56,1.867,,,75.0,no_face
57,1.9,,,75.0,no_face
58,1.933,,,75.0,no_face
59,1.967,,,75.0,no_face
60,2.0,,,75.0,no_face
61,2.033,,,75.0,no_face
62,2.067,,,75.0,no_face
63,2.1,,,75.0,no_face
64,2.133,,,75.0,no_face
65,2.167,,,75.0,no_face
66,2.2,,,75.0,no_face
67,2.233,,,75.0,no_face
68,2.267,,,75.0,no_face
69,2.3,,,75.0,no_face
70,2.333,,,75.0,no_face
71,2.367,,,75.0,no_face
72,2.4,,,75.0,no_face
73,2.433,,,75.0,no_face
74,2.467,,,75.0,no_face
75,2.5,,,75.0,no_face
76,2.533,,,75.0,no_face
77,2.567,,,75.0,no_face
78,2.6,,,75.0,no_face
79,2.633,,,75.0,no_face
80,2.667,,,75.0,no_face
81,2.7,,,75.0,no_face
82,2.733,,,75.0,no_face
83,2.767,,,75.0,no_face
84,2.8,,,75.0,no_face
85,2.833,,,75.0,no_face
86,2.867,,,75.0,no_face
87,2.9,74.24,False,75.0,mismatch
88,2.933,73.97,False,75.0,mismatch
89,2.967,75.48,True,75.0,match
90,3.0,74.21,False,75.0,mismatch
91,3.033,74.53,False,75.0,mismatch
92,3.067,74.76,False,75.0,mismatch
93,3.1,73.47,False,75.0,mismatch
94,3.133,75.63,True,75.0,match
95,3.167,75.73,True,75.0,match
96,3.2,76.17,True,75.0,match
97,3.233,73.55,False,75.0,mismatch
98,3.267,74.37,False,75.0,mismatch
99,3.3,74.40,False,75.0,mismatch
100,3.333,75.43,True,75.0,match
101,3.367,75.73,True,75.0,match
102,3.4,78.40,True,75.0,match
103,3.433,78.40,True,75.0,match
104,3.467,76.94,True,75.0,match
105,3.5,76.38,True,75.0,match
106,3.533,76.46,True,75.0,match
107,3.567,,,75.0,no_face
108,3.6,,,75.0,no_face
109,3.633,,,75.0,no_face
110,3.667,,,75.0,no_face
111,3.7,,,75.0,no_face
112,3.733,,,75.0,no_face
113,3.767,,,75.0,no_face
114,3.8,,,75.0,no_face
115,3.833,,,75.0,no_face
116,3.867,,,75.0,no_face
117,3.9,,,75.0,no_face
118,3.933,,,75.0,no_face
119,3.967,,,75.0,no_face
120,4.0,,,75.0,no_face
121,4.033,,,75.0,no_face
122,4.067,,,75.0,no_face
123,4.1,,,75.0,no_face
124,4.133,,,75.0,no_face
125,4.167,,,75.0,no_face
126,4.2,,,75.0,no_face
127,4.233,,,75.0,no_face
128,4.267,,,75.0,no_face
129,4.3,,,75.0,no_face
130,4.333,,,75.0,no_face
131,4.367,,,75.0,no_face
132,4.4,,,75.0,no_face
133,4.433,,,75.0,no_face
134,4.467,,,75.0,no_face
135,4.5,,,75.0,no_face
136,4.533,,,75.0,no_face
137,4.567,,,75.0,no_face
138,4.6,,,75.0,no_face
139,4.633,,,75.0,no_face
140,4.667,,,75.0,no_face
141,4.7,,,75.0,no_face
142,4.733,,,75.0,no_face
143,4.767,,,75.0,no_face
144,4.8,,,75.0,no_face
145,4.833,,,75.0,no_face
146,4.867,,,75.0,no_face
147,4.9,,,75.0,no_face
148,4.933,,,75.0,no_face
149,4.967,,,75.0,no_face
150,5.0,,,75.0,no_face
151,5.033,,,75.0,no_face
152,5.067,,,75.0,no_face
153,5.1,,,75.0,no_face
154,5.133,,,75.0,no_face
155,5.167,,,75.0,no_face
156,5.2,,,75.0,no_face
157,5.233,,,75.0,no_face
158,5.267,,,75.0,no_face
159,5.3,,,75.0,no_face
160,5.333,,,75.0,no_face
161,5.367,,,75.0,no_face
162,5.4,,,75.0,no_face
163,5.433,,,75.0,no_face
164,5.467,,,75.0,no_face
165,5.5,77.23,True,75.0,match
166,5.533,77.23,True,75.0,match
167,5.567,77.63,True,75.0,match
168,5.6,73.96,False,75.0,mismatch
169,5.633,,,75.0,no_face
170,5.667,,,75.0,no_face
171,5.7,,,75.0,no_face
172,5.733,,,75.0,no_face
173,5.767,,,75.0,no_face
174,5.8,,,75.0,no_face
175,5.833,,,75.0,no_face
176,5.867,82.79,True,75.0,match
177,5.9,83.44,True,75.0,match
178,5.933,79.03,True,75.0,match
179,5.967,,,75.0,no_face
180,6.0,,,75.0,no_face
181,6.033,,,75.0,no_face
182,6.067,,,75.0,no_face
183,6.1,,,75.0,no_face
184,6.133,,,75.0,no_face
185,6.167,,,75.0,no_face
186,6.2,,,75.0,no_face
187,6.233,,,75.0,no_face
188,6.267,,,75.0,no_face
189,6.3,,,75.0,no_face
190,6.333,75.50,True,75.0,match
191,6.367,75.92,True,75.0,match
192,6.4,,,75.0,no_face
193,6.433,,,75.0,no_face
194,6.467,73.14,False,75.0,mismatch
195,6.5,72.76,False,75.0,mismatch
196,6.533,73.22,False,75.0,mismatch
197,6.567,,,75.0,no_face
198,6.6,,,75.0,no_face
199,6.633,76.17,True,75.0,match
200,6.667,76.29,True,75.0,match
201,6.7,74.59,False,75.0,mismatch
202,6.733,75.18,True,75.0,match
203,6.767,75.38,True,75.0,match
204,6.8,74.72,False,75.0,mismatch
205,6.833,75.32,True,75.0,match
206,6.867,77.26,True,75.0,match
207,6.9,77.20,True,75.0,match
208,6.933,78.08,True,75.0,match
209,6.967,77.30,True,75.0,match
210,7.0,78.50,True,75.0,match
211,7.033,78.48,True,75.0,match
212,7.067,79.25,True,75.0,match
213,7.1,79.20,True,75.0,match
214,7.133,78.15,True,75.0,match
215,7.167,77.29,True,75.0,match
216,7.2,78.23,True,75.0,match
217,7.233,77.86,True,75.0,match
218,7.267,77.97,True,75.0,match
219,7.3,77.08,True,75.0,match
220,7.333,76.10,True,75.0,match
221,7.367,78.11,True,75.0,match
222,7.4,77.88,True,75.0,match
223,7.433,78.01,True,75.0,match
224,7.467,78.00,True,75.0,match
225,7.5,77.41,True,75.0,match
226,7.533,77.73,True,75.0,match
227,7.567,79.14,True,75.0,match
228,7.6,78.89,True,75.0,match
229,7.633,79.06,True,75.0,match
230,7.667,77.33,True,75.0,match
231,7.7,76.27,True,75.0,match
232,7.733,77.49,True,75.0,match
233,7.767,75.59,True,75.0,match
234,7.8,76.51,True,75.0,match
235,7.833,77.71,True,75.0,match
236,7.867,77.25,True,75.0,match
237,7.9,79.23,True,75.0,match
238,7.933,80.05,True,75.0,match
239,7.967,78.93,True,75.0,match
240,8.0,79.77,True,75.0,match
241,8.033,80.10,True,75.0,match
242,8.067,,,75.0,no_face
243,8.1,,,75.0,no_face
244,8.133,,,75.0,no_face
245,8.167,,,75.0,no_face
246,8.2,,,75.0,no_face
247,8.233,,,75.0,no_face
248,8.267,,,75.0,no_face
249,8.3,,,75.0,no_face
250,8.333,,,75.0,no_face
251,8.367,83.78,True,75.0,match
252,8.4,83.23,True,75.0,match
253,8.433,82.94,True,75.0,match
254,8.467,81.00,True,75.0,match
255,8.5,82.69,True,75.0,match
256,8.533,81.13,True,75.0,match
257,8.567,79.87,True,75.0,match
258,8.6,79.85,True,75.0,match
259,8.633,78.90,True,75.0,match
260,8.667,77.84,True,75.0,match
261,8.7,77.93,True,75.0,match
262,8.733,78.08,True,75.0,match
263,8.767,79.29,True,75.0,match
264,8.8,79.34,True,75.0,match
265,8.833,79.70,True,75.0,match
266,8.867,80.03,True,75.0,match
267,8.9,79.59,True,75.0,match
268,8.933,78.96,True,75.0,match
269,8.967,81.39,True,75.0,match
270,9.0,80.02,True,75.0,match
271,9.033,80.17,True,75.0,match
272,9.067,80.36,True,75.0,match
273,9.1,83.16,True,75.0,match
274,9.133,82.93,True,75.0,match
275,9.167,85.24,True,75.0,match
276,9.2,83.71,True,75.0,match
277,9.233,84.03,True,75.0,match
278,9.267,83.01,True,75.0,match
279,9.3,82.92,True,75.0,match
280,9.333,83.32,True,75.0,match
281,9.367,83.56,True,75.0,match
282,9.4,83.35,True,75.0,match
283,9.433,82.34,True,75.0,match
284,9.467,82.48,True,75.0,match
285,9.5,78.99,True,75.0,match
286,9.533,83.39,True,75.0,match
287,9.567,82.56,True,75.0,match
288,9.6,83.26,True,75.0,match
289,9.633,81.49,True,75.0,match
290,9.667,81.49,True,75.0,match
291,9.7,83.20,True,75.0,match
292,9.733,81.79,True,75.0,match
293,9.767,82.80,True,75.0,match
294,9.8,82.83,True,75.0,match
295,9.833,83.57,True,75.0,match
296,9.867,82.98,True,75.0,match
297,9.9,83.00,True,75.0,match
298,9.933,84.82,True,75.0,match
299,9.967,84.59,True,75.0,match
300,10.0,84.82,True,75.0,match
301,10.033,85.48,True,75.0,match
302,10.067,83.84,True,75.0,match
303,10.1,85.99,True,75.0,match
304,10.133,86.25,True,75.0,match
305,10.167,83.21,True,75.0,match
306,10.2,82.92,True,75.0,match
307,10.233,82.83,True,75.0,match
308,10.267,80.75,True,75.0,match
309,10.3,85.16,True,75.0,match
310,10.333,85.70,True,75.0,match
311,10.367,88.03,True,75.0,match
312,10.4,89.33,True,75.0,match
313,10.433,89.13,True,75.0,match
314,10.467,89.82,True,75.0,match
315,10.5,90.66,True,75.0,match
316,10.533,90.96,True,75.0,match
317,10.567,90.88,True,75.0,match
318,10.6,89.02,True,75.0,match
319,10.633,90.08,True,75.0,match
320,10.667,89.28,True,75.0,match
321,10.7,89.49,True,75.0,match
322,10.733,89.56,True,75.0,match
323,10.767,89.34,True,75.0,match
324,10.8,89.13,True,75.0,match
325,10.833,85.89,True,75.0,match
326,10.867,86.97,True,75.0,match
327,10.9,88.01,True,75.0,match
328,10.933,88.08,True,75.0,match
329,10.967,88.71,True,75.0,match
330,11.0,88.60,True,75.0,match
331,11.033,87.48,True,75.0,match
332,11.067,88.03,True,75.0,match
333,11.1,87.99,True,75.0,match
334,11.133,88.87,True,75.0,match
335,11.167,88.87,True,75.0,match
336,11.2,88.67,True,75.0,match
337,11.233,88.82,True,75.0,match
338,11.267,88.13,True,75.0,match
339,11.3,87.69,True,75.0,match
340,11.333,88.18,True,75.0,match
341,11.367,87.32,True,75.0,match
342,11.4,87.12,True,75.0,match
343,11.433,87.25,True,75.0,match
344,11.467,87.45,True,75.0,match
345,11.5,86.60,True,75.0,match
346,11.533,86.69,True,75.0,match
347,11.567,88.28,True,75.0,match
348,11.6,88.61,True,75.0,match
349,11.633,88.18,True,75.0,match
350,11.667,86.98,True,75.0,match
351,11.7,87.60,True,75.0,match
352,11.733,87.45,True,75.0,match
353,11.767,87.61,True,75.0,match
354,11.8,88.29,True,75.0,match
355,11.833,88.16,True,75.0,match
356,11.867,89.74,True,75.0,match
357,11.9,89.84,True,75.0,match
358,11.933,89.48,True,75.0,match
359,11.967,90.11,True,75.0,match
360,12.0,90.27,True,75.0,match
361,12.033,89.10,True,75.0,match
362,12.067,89.03,True,75.0,match
363,12.1,89.45,True,75.0,match
364,12.133,89.51,True,75.0,match
365,12.167,89.11,True,75.0,match
366,12.2,90.02,True,75.0,match
367,12.233,90.00,True,75.0,match
368,12.267,90.01,True,75.0,match
369,12.3,89.66,True,75.0,match
370,12.333,89.80,True,75.0,match
371,12.367,89.82,True,75.0,match
372,12.4,89.80,True,75.0,match
373,12.433,89.95,True,75.0,match
374,12.467,89.34,True,75.0,match
375,12.5,89.88,True,75.0,match
376,12.533,89.08,True,75.0,match
377,12.567,89.39,True,75.0,match
378,12.6,89.42,True,75.0,match
379,12.633,89.20,True,75.0,match
380,12.667,89.44,True,75.0,match
381,12.7,90.33,True,75.0,match
382,12.733,89.92,True,75.0,match
383,12.767,89.99,True,75.0,match
384,12.8,89.97,True,75.0,match
385,12.833,89.63,True,75.0,match
386,12.867,89.99,True,75.0,match
387,12.9,89.69,True,75.0,match
388,12.933,90.12,True,75.0,match
389,12.967,90.16,True,75.0,match
390,13.0,89.95,True,75.0,match
391,13.033,90.05,True,75.0,match
392,13.067,90.36,True,75.0,match
393,13.1,90.30,True,75.0,match
394,13.133,90.84,True,75.0,match
395,13.167,89.97,True,75.0,match
396,13.2,89.23,True,75.0,match
397,13.233,88.57,True,75.0,match
398,13.267,87.94,True,75.0,match
399,13.3,88.23,True,75.0,match
400,13.333,88.94,True,75.0,match
401,13.367,88.61,True,75.0,match
402,13.4,88.66,True,75.0,match
403,13.433,89.57,True,75.0,match
404,13.467,89.87,True,75.0,match
405,13.5,89.35,True,75.0,match
406,13.533,89.68,True,75.0,match
407,13.567,90.19,True,75.0,match
408,13.6,89.90,True,75.0,match
409,13.633,89.78,True,75.0,match
410,13.667,90.00,True,75.0,match
411,13.7,89.74,True,75.0,match
412,13.733,89.62,True,75.0,match
413,13.767,89.60,True,75.0,match
414,13.8,90.09,True,75.0,match
415,13.833,89.70,True,75.0,match
416,13.867,89.34,True,75.0,match
417,13.9,89.58,True,75.0,match
418,13.933,89.36,True,75.0,match
419,13.967,88.97,True,75.0,match
420,14.0,89.36,True,75.0,match
421,14.033,89.97,True,75.0,match
422,14.067,89.83,True,75.0,match
423,14.1,89.20,True,75.0,match
424,14.133,88.95,True,75.0,match
425,14.167,88.97,True,75.0,match
426,14.2,88.79,True,75.0,match
427,14.233,88.07,True,75.0,match
428,14.267,89.19,True,75.0,match
429,14.3,88.64,True,75.0,match
430,14.333,89.44,True,75.0,match
431,14.367,89.32,True,75.0,match
432,14.4,89.17,True,75.0,match
433,14.433,89.15,True,75.0,match
434,14.467,88.96,True,75.0,match
435,14.5,90.08,True,75.0,match
436,14.533,90.20,True,75.0,match
437,14.567,90.31,True,75.0,match
438,14.6,90.31,True,75.0,match
439,14.633,89.87,True,75.0,match
440,14.667,89.87,True,75.0,match
441,14.7,90.06,True,75.0,match
442,14.733,90.28,True,75.0,match
443,14.767,89.87,True,75.0,match
444,14.8,89.41,True,75.0,match
445,14.833,89.44,True,75.0,match
446,14.867,89.57,True,75.0,match
447,14.9,89.32,True,75.0,match
448,14.933,89.58,True,75.0,match
449,14.967,89.68,True,75.0,match
450,15.0,89.36,True,75.0,match
451,15.033,90.79,True,75.0,match
452,15.067,90.41,True,75.0,match
453,15.1,90.18,True,75.0,match
454,15.133,90.11,True,75.0,match
455,15.167,89.92,True,75.0,match
456,15.2,90.57,True,75.0,match
457,15.233,91.26,True,75.0,match
458,15.267,90.97,True,75.0,match
459,15.3,90.15,True,75.0,match
460,15.333,89.12,True,75.0,match
461,15.367,89.67,True,75.0,match
462,15.4,89.03,True,75.0,match
463,15.433,89.99,True,75.0,match
464,15.467,88.65,True,75.0,match
465,15.5,88.26,True,75.0,match
466,15.533,88.70,True,75.0,match
467,15.567,87.64,True,75.0,match
468,15.6,87.41,True,75.0,match
469,15.633,64.64,False,75.0,mismatch
470,15.667,81.31,True,75.0,match
471,15.7,63.41,False,75.0,mismatch
472,15.733,70.72,False,75.0,mismatch
473,15.767,56.33,False,75.0,mismatch
474,15.8,59.46,False,75.0,mismatch
475,15.833,,,75.0,no_face
476,15.867,58.05,False,75.0,mismatch
477,15.9,86.03,True,75.0,match
478,15.933,82.58,True,75.0,match
479,15.967,85.20,True,75.0,match
480,16.0,83.27,True,75.0,match
481,16.033,75.46,True,75.0,match
482,16.067,85.89,True,75.0,match
483,16.1,85.30,True,75.0,match
484,16.133,83.70,True,75.0,match
485,16.167,85.12,True,75.0,match
486,16.2,88.25,True,75.0,match
487,16.233,87.39,True,75.0,match
488,16.267,85.62,True,75.0,match
489,16.3,87.75,True,75.0,match
490,16.333,86.54,True,75.0,match
491,16.367,85.36,True,75.0,match
492,16.4,86.03,True,75.0,match
493,16.433,83.49,True,75.0,match
494,16.467,86.20,True,75.0,match
495,16.5,84.57,True,75.0,match
496,16.533,85.14,True,75.0,match
497,16.567,86.07,True,75.0,match
498,16.6,84.46,True,75.0,match
499,16.633,84.33,True,75.0,match
500,16.667,84.12,True,75.0,match
501,16.7,86.65,True,75.0,match
502,16.733,87.07,True,75.0,match
503,16.767,87.07,True,75.0,match
504,16.8,87.34,True,75.0,match
505,16.833,87.68,True,75.0,match
506,16.867,86.72,True,75.0,match
507,16.9,85.93,True,75.0,match
508,16.933,85.33,True,75.0,match
509,16.967,86.84,True,75.0,match
510,17.0,86.89,True,75.0,match
511,17.033,86.56,True,75.0,match
512,17.067,86.56,True,75.0,match
513,17.1,86.35,True,75.0,match
514,17.133,86.35,True,75.0,match
515,17.167,86.27,True,75.0,match
516,17.2,85.61,True,75.0,match
517,17.233,86.68,True,75.0,match
518,17.267,86.96,True,75.0,match
519,17.3,87.75,True,75.0,match
520,17.333,86.84,True,75.0,match
521,17.367,84.86,True,75.0,match
522,17.4,88.08,True,75.0,match
523,17.433,88.25,True,75.0,match
524,17.467,87.51,True,75.0,match
525,17.5,87.66,True,75.0,match
526,17.533,87.06,True,75.0,match
527,17.567,87.31,True,75.0,match
528,17.6,86.95,True,75.0,match
529,17.633,86.65,True,75.0,match
530,17.667,86.47,True,75.0,match
531,17.7,85.63,True,75.0,match
532,17.733,86.74,True,75.0,match
533,17.767,85.85,True,75.0,match
534,17.8,84.63,True,75.0,match
535,17.833,85.07,True,75.0,match
536,17.867,87.61,True,75.0,match
537,17.9,86.63,True,75.0,match
538,17.933,85.32,True,75.0,match
539,17.967,85.32,True,75.0,match
540,18.0,85.23,True,75.0,match
541,18.033,83.98,True,75.0,match
542,18.067,85.26,True,75.0,match
543,18.1,85.68,True,75.0,match
544,18.133,86.89,True,75.0,match
545,18.167,81.64,True,75.0,match
546,18.2,79.96,True,75.0,match
547,18.233,68.03,False,75.0,mismatch
548,18.267,65.77,False,75.0,mismatch
549,18.3,85.62,True,75.0,match
550,18.333,85.62,True,75.0,match
551,18.367,69.56,False,75.0,mismatch
552,18.4,80.62,True,75.0,match
553,18.433,80.00,True,75.0,match
554,18.467,64.70,False,75.0,mismatch
555,18.5,65.13,False,75.0,mismatch
556,18.533,68.42,False,75.0,mismatch
557,18.567,70.86,False,75.0,mismatch
558,18.6,65.43,False,75.0,mismatch
559,18.633,65.43,False,75.0,mismatch
560,18.667,64.84,False,75.0,mismatch
561,18.7,68.18,False,75.0,mismatch
562,18.733,70.65,False,75.0,mismatch
563,18.767,70.79,False,75.0,mismatch
564,18.8,70.94,False,75.0,mismatch
565,18.833,70.56,False,75.0,mismatch
566,18.867,70.50,False,75.0,mismatch
567,18.9,67.07,False,75.0,mismatch
568,18.933,67.96,False,75.0,mismatch
569,18.967,65.76,False,75.0,mismatch
570,19.0,65.80,False,75.0,mismatch
571,19.033,64.32,False,75.0,mismatch
572,19.067,65.43,False,75.0,mismatch
573,19.1,65.03,False,75.0,mismatch
574,19.133,64.47,False,75.0,mismatch
575,19.167,67.15,False,75.0,mismatch
576,19.2,70.23,False,75.0,mismatch
577,19.233,69.07,False,75.0,mismatch
578,19.267,68.77,False,75.0,mismatch
579,19.3,69.72,False,75.0,mismatch
580,19.333,70.58,False,75.0,mismatch
581,19.367,67.59,False,75.0,mismatch
582,19.4,70.91,False,75.0,mismatch
583,19.433,77.18,True,75.0,match
584,19.467,77.58,True,75.0,match
585,19.5,81.59,True,75.0,match
586,19.533,82.36,True,75.0,match
587,19.567,79.18,True,75.0,match
588,19.6,75.33,True,75.0,match
589,19.633,76.85,True,75.0,match
590,19.667,72.16,False,75.0,mismatch
591,19.7,72.23,False,75.0,mismatch
592,19.733,72.82,False,75.0,mismatch
593,19.767,72.40,False,75.0,mismatch
594,19.8,73.63,False,75.0,mismatch
595,19.833,73.63,False,75.0,mismatch
596,19.867,87.06,True,75.0,match
597,19.9,87.06,True,75.0,match
598,19.933,87.60,True,75.0,match
599,19.967,82.13,True,75.0,match
600,20.0,86.88,True,75.0,match
601,20.033,86.75,True,75.0,match
602,20.067,86.75,True,75.0,match
603,20.1,88.30,True,75.0,match
604,20.133,88.04,True,75.0,match
605,20.167,85.49,True,75.0,match
606,20.2,84.14,True,75.0,match
607,20.233,84.17,True,75.0,match
608,20.267,83.97,True,75.0,match
609,20.3,86.15,True,75.0,match
610,20.333,74.81,False,75.0,mismatch
611,20.367,74.50,False,75.0,mismatch
612,20.4,73.84,False,75.0,mismatch
613,20.433,73.84,False,75.0,mismatch
614,20.467,81.61,True,75.0,match
615,20.5,67.10,False,75.0,mismatch
616,20.533,68.74,False,75.0,mismatch
617,20.567,63.65,False,75.0,mismatch
618,20.6,66.80,False,75.0,mismatch
619,20.633,66.25,False,75.0,mismatch
620,20.667,66.35,False,75.0,mismatch
621,20.7,89.36,True,75.0,match
622,20.733,89.24,True,75.0,match
623,20.767,84.23,True,75.0,match
624,20.8,88.21,True,75.0,match
625,20.833,88.33,True,75.0,match
626,20.867,89.17,True,75.0,match
627,20.9,88.36,True,75.0,match
628,20.933,82.77,True,75.0,match
629,20.967,84.51,True,75.0,match
630,21.0,84.53,True,75.0,match
631,21.033,85.25,True,75.0,match
632,21.067,82.32,True,75.0,match
633,21.1,81.66,True,75.0,match
634,21.133,,,75.0,no_face
635,21.167,,,75.0,no_face
636,21.2,,,75.0,no_face
637,21.233,,,75.0,no_face
638,21.267,,,75.0,no_face
639,21.3,,,75.0,no_face
640,21.333,,,75.0,no_face
641,21.367,,,75.0,no_face
642,21.4,,,75.0,no_face
643,21.433,,,75.0,no_face
644,21.467,,,75.0,no_face
645,21.5,,,75.0,no_face
646,21.533,,,75.0,no_face
647,21.567,,,75.0,no_face
648,21.6,,,75.0,no_face
649,21.633,,,75.0,no_face
650,21.667,,,75.0,no_face
651,21.7,,,75.0,no_face
652,21.733,,,75.0,no_face
653,21.767,,,75.0,no_face
654,21.8,,,75.0,no_face
655,21.833,,,75.0,no_face
656,21.867,,,75.0,no_face
657,21.9,,,75.0,no_face
658,21.933,,,75.0,no_face
659,21.967,,,75.0,no_face
660,22.0,,,75.0,no_face
661,22.033,,,75.0,no_face
662,22.067,,,75.0,no_face
663,22.1,,,75.0,no_face
664,22.133,,,75.0,no_face
665,22.167,,,75.0,no_face
666,22.2,,,75.0,no_face
667,22.233,,,75.0,no_face
668,22.267,,,75.0,no_face
669,22.3,,,75.0,no_face
670,22.333,,,75.0,no_face
671,22.367,,,75.0,no_face
672,22.4,,,75.0,no_face
673,22.433,,,75.0,no_face
674,22.467,,,75.0,no_face
675,22.5,,,75.0,no_face
676,22.533,,,75.0,no_face
677,22.567,,,75.0,no_face
678,22.6,,,75.0,no_face
679,22.633,,,75.0,no_face
680,22.667,,,75.0,no_face
681,22.7,,,75.0,no_face
682,22.733,,,75.0,no_face
683,22.767,,,75.0,no_face
684,22.8,,,75.0,no_face
685,22.833,,,75.0,no_face
686,22.867,,,75.0,no_face
687,22.9,,,75.0,no_face
688,22.933,,,75.0,no_face
689,22.967,,,75.0,no_face
690,23.0,,,75.0,no_face
691,23.033,,,75.0,no_face
692,23.067,,,75.0,no_face
693,23.1,,,75.0,no_face
694,23.133,,,75.0,no_face
695,23.167,,,75.0,no_face
696,23.2,,,75.0,no_face
697,23.233,,,75.0,no_face
698,23.267,,,75.0,no_face
699,23.3,,,75.0,no_face
700,23.333,,,75.0,no_face
701,23.367,,,75.0,no_face
702,23.4,,,75.0,no_face
703,23.433,,,75.0,no_face
704,23.467,,,75.0,no_face
705,23.5,,,75.0,no_face
706,23.533,,,75.0,no_face
707,23.567,,,75.0,no_face
708,23.6,,,75.0,no_face
709,23.633,,,75.0,no_face
710,23.667,,,75.0,no_face
711,23.7,,,75.0,no_face
712,23.733,,,75.0,no_face
713,23.767,,,75.0,no_face
714,23.8,,,75.0,no_face
715,23.833,75.61,True,75.0,match
716,23.867,76.80,True,75.0,match
717,23.9,,,75.0,no_face
718,23.933,,,75.0,no_face
719,23.967,,,75.0,no_face
720,24.0,83.85,True,75.0,match
721,24.033,83.13,True,75.0,match
722,24.067,85.67,True,75.0,match
723,24.1,85.49,True,75.0,match
724,24.133,,,75.0,no_face
725,24.167,86.09,True,75.0,match
726,24.2,84.24,True,75.0,match
727,24.233,78.18,True,75.0,match
728,24.267,81.57,True,75.0,match
729,24.3,84.22,True,75.0,match
730,24.333,82.98,True,75.0,match
731,24.367,82.79,True,75.0,match
732,24.4,82.96,True,75.0,match
733,24.433,78.62,True,75.0,match
734,24.467,,,75.0,no_face
735,24.5,,,75.0,no_face
736,24.533,75.23,True,75.0,match
737,24.567,75.22,True,75.0,match
738,24.6,62.12,False,75.0,mismatch
739,24.633,63.72,False,75.0,mismatch
740,24.667,,,75.0,no_face
741,24.7,,,75.0,no_face
742,24.733,,,75.0,no_face
743,24.767,66.82,False,75.0,mismatch
744,24.8,64.77,False,75.0,mismatch
745,24.833,60.76,False,75.0,mismatch
746,24.867,64.56,False,75.0,mismatch
747,24.9,63.00,False,75.0,mismatch
748,24.933,63.79,False,75.0,mismatch
749,24.967,77.74,True,75.0,match
750,25.0,80.27,True,75.0,match
751,25.033,83.38,True,75.0,match
752,25.067,83.44,True,75.0,match
753,25.1,80.88,True,75.0,match
754,25.133,84.09,True,75.0,match
755,25.167,84.73,True,75.0,match
756,25.2,84.05,True,75.0,match
757,25.233,83.92,True,75.0,match
758,25.267,83.94,True,75.0,match
759,25.3,84.71,True,75.0,match
760,25.333,60.54,False,75.0,mismatch
761,25.367,60.89,False,75.0,mismatch
762,25.4,62.26,False,75.0,mismatch
763,25.433,62.25,False,75.0,mismatch
764,25.467,66.15,False,75.0,mismatch
765,25.5,64.66,False,75.0,mismatch
766,25.533,66.12,False,75.0,mismatch
767,25.567,63.82,False,75.0,mismatch
768,25.6,63.93,False,75.0,mismatch
769,25.633,62.02,False,75.0,mismatch
770,25.667,69.88,False,75.0,mismatch
771,25.7,61.46,False,75.0,mismatch
772,25.733,63.42,False,75.0,mismatch
773,25.767,61.21,False,75.0,mismatch
774,25.8,62.28,False,75.0,mismatch
775,25.833,61.41,False,75.0,mismatch
776,25.867,65.17,False,75.0,mismatch
777,25.9,64.76,False,75.0,mismatch
778,25.933,62.40,False,75.0,mismatch
779,25.967,56.81,False,75.0,mismatch
780,26.0,61.03,False,75.0,mismatch
781,26.033,,,75.0,no_face
782,26.067,,,75.0,no_face
783,26.1,75.11,True,75.0,match
784,26.133,77.01,True,75.0,match
785,26.167,82.82,True,75.0,match
786,26.2,82.89,True,75.0,match
787,26.233,85.58,True,75.0,match
788,26.267,85.11,True,75.0,match
789,26.3,85.34,True,75.0,match
790,26.333,84.78,True,75.0,match
791,26.367,82.69,True,75.0,match
792,26.4,81.07,True,75.0,match
793,26.433,80.99,True,75.0,match
794,26.467,81.41,True,75.0,match
795,26.5,82.36,True,75.0,match
796,26.533,82.06,True,75.0,match
797,26.567,83.12,True,75.0,match
798,26.6,82.01,True,75.0,match
799,26.633,81.13,True,75.0,match
800,26.667,78.71,True,75.0,match
801,26.7,83.67,True,75.0,match
802,26.733,82.25,True,75.0,match
803,26.767,83.48,True,75.0,match
804,26.8,82.83,True,75.0,match
805,26.833,85.19,True,75.0,match
806,26.867,85.30,True,75.0,match
807,26.9,84.94,True,75.0,match
808,26.933,85.12,True,75.0,match
809,26.967,85.38,True,75.0,match
810,27.0,85.41,True,75.0,match
811,27.033,84.75,True,75.0,match
812,27.067,83.47,True,75.0,match
813,27.1,85.02,True,75.0,match
814,27.133,85.92,True,75.0,match
815,27.167,86.14,True,75.0,match
816,27.2,86.45,True,75.0,match
817,27.233,86.54,True,75.0,match
818,27.267,85.39,True,75.0,match
819,27.3,85.48,True,75.0,match
820,27.333,86.88,True,75.0,match
821,27.367,86.34,True,75.0,match
822,27.4,86.34,True,75.0,match
823,27.433,85.52,True,75.0,match
824,27.467,85.78,True,75.0,match
825,27.5,85.06,True,75.0,match
826,27.533,85.06,True,75.0,match
827,27.567,86.20,True,75.0,match
828,27.6,85.20,True,75.0,match
829,27.633,85.18,True,75.0,match
830,27.667,86.18,True,75.0,match
831,27.7,85.41,True,75.0,match
832,27.733,87.26,True,75.0,match
833,27.767,87.26,True,75.0,match
834,27.8,87.68,True,75.0,match
835,27.833,87.22,True,75.0,match
836,27.867,87.50,True,75.0,match
837,27.9,87.21,True,75.0,match
838,27.933,87.50,True,75.0,match
839,27.967,87.06,True,75.0,match
840,28.0,86.90,True,75.0,match
841,28.033,87.06,True,75.0,match
842,28.067,87.81,True,75.0,match
843,28.1,87.32,True,75.0,match
844,28.133,87.81,True,75.0,match
845,28.167,87.04,True,75.0,match
846,28.2,86.74,True,75.0,match
847,28.233,87.00,True,75.0,match
848,28.267,87.41,True,75.0,match
849,28.3,86.17,True,75.0,match
850,28.333,86.53,True,75.0,match
851,28.367,86.74,True,75.0,match
852,28.4,85.41,True,75.0,match
853,28.433,86.23,True,75.0,match
854,28.467,85.69,True,75.0,match
855,28.5,85.37,True,75.0,match
856,28.533,85.26,True,75.0,match
857,28.567,86.46,True,75.0,match
858,28.6,86.49,True,75.0,match
859,28.633,85.58,True,75.0,match
860,28.667,85.17,True,75.0,match
861,28.7,86.36,True,75.0,match
862,28.733,86.24,True,75.0,match
863,28.767,86.40,True,75.0,match
864,28.8,86.40,True,75.0,match
865,28.833,86.38,True,75.0,match
866,28.867,85.52,True,75.0,match
867,28.9,85.56,True,75.0,match
868,28.933,85.51,True,75.0,match
869,28.967,85.16,True,75.0,match
870,29.0,85.53,True,75.0,match
871,29.033,85.29,True,75.0,match
872,29.067,86.35,True,75.0,match
873,29.1,87.05,True,75.0,match
874,29.133,87.17,True,75.0,match
875,29.167,87.02,True,75.0,match
876,29.2,86.84,True,75.0,match
877,29.233,86.89,True,75.0,match
878,29.267,86.87,True,75.0,match
879,29.3,87.37,True,75.0,match
880,29.333,86.26,True,75.0,match
881,29.367,86.82,True,75.0,match
882,29.4,87.85,True,75.0,match
883,29.433,87.55,True,75.0,match
884,29.467,87.02,True,75.0,match
885,29.5,86.94,True,75.0,match
886,29.533,87.03,True,75.0,match
887,29.567,87.03,True,75.0,match
888,29.6,87.67,True,75.0,match
889,29.633,87.93,True,75.0,match
890,29.667,87.61,True,75.0,match
891,29.7,87.39,True,75.0,match
892,29.733,87.33,True,75.0,match
893,29.767,87.61,True,75.0,match
894,29.8,87.77,True,75.0,match
895,29.833,87.91,True,75.0,match
896,29.867,87.73,True,75.0,match
897,29.9,88.45,True,75.0,match
898,29.933,88.56,True,75.0,match
899,29.967,88.81,True,75.0,match
900,30.0,88.64,True,75.0,match
901,30.033,88.40,True,75.0,match
902,30.067,87.95,True,75.0,match
903,30.1,88.35,True,75.0,match
904,30.133,88.07,True,75.0,match
905,30.167,87.68,True,75.0,match
906,30.2,87.76,True,75.0,match
907,30.233,87.78,True,75.0,match
908,30.267,87.81,True,75.0,match
909,30.3,87.88,True,75.0,match
910,30.333,88.18,True,75.0,match
911,30.367,88.16,True,75.0,match
912,30.4,87.85,True,75.0,match
913,30.433,88.70,True,75.0,match
914,30.467,88.84,True,75.0,match
915,30.5,88.69,True,75.0,match
916,30.533,88.80,True,75.0,match
917,30.567,88.77,True,75.0,match
918,30.6,88.70,True,75.0,match
919,30.633,88.72,True,75.0,match
920,30.667,89.01,True,75.0,match
921,30.7,88.99,True,75.0,match
922,30.733,89.87,True,75.0,match
923,30.767,90.10,True,75.0,match
924,30.8,89.74,True,75.0,match
925,30.833,89.53,True,75.0,match
926,30.867,89.14,True,75.0,match
927,30.9,90.20,True,75.0,match
928,30.933,90.11,True,75.0,match
929,30.967,90.16,True,75.0,match
930,31.0,90.31,True,75.0,match
931,31.033,90.17,True,75.0,match
932,31.067,90.76,True,75.0,match
933,31.1,90.34,True,75.0,match
934,31.133,90.34,True,75.0,match
935,31.167,89.95,True,75.0,match
936,31.2,90.21,True,75.0,match
937,31.233,90.47,True,75.0,match
938,31.267,90.44,True,75.0,match
939,31.3,90.48,True,75.0,match
940,31.333,91.22,True,75.0,match
941,31.367,91.21,True,75.0,match
942,31.4,90.82,True,75.0,match
943,31.433,90.82,True,75.0,match
944,31.467,90.69,True,75.0,match
945,31.5,90.89,True,75.0,match
946,31.533,90.60,True,75.0,match
947,31.567,90.81,True,75.0,match
948,31.6,90.50,True,75.0,match
949,31.633,90.52,True,75.0,match
950,31.667,90.72,True,75.0,match
951,31.7,91.29,True,75.0,match
952,31.733,90.89,True,75.0,match
953,31.767,91.05,True,75.0,match
954,31.8,91.12,True,75.0,match
955,31.833,91.07,True,75.0,match
956,31.867,91.45,True,75.0,match
957,31.9,91.38,True,75.0,match
958,31.933,90.90,True,75.0,match
959,31.967,91.01,True,75.0,match
960,32.0,91.42,True,75.0,match
961,32.033,91.42,True,75.0,match
962,32.067,91.30,True,75.0,match
963,32.1,91.64,True,75.0,match
964,32.133,91.54,True,75.0,match
965,32.167,91.26,True,75.0,match
966,32.2,91.32,True,75.0,match
967,32.233,91.24,True,75.0,match
968,32.267,91.15,True,75.0,match
969,32.3,91.19,True,75.0,match
970,32.333,91.24,True,75.0,match
971,32.367,91.66,True,75.0,match
972,32.4,91.35,True,75.0,match
973,32.433,91.59,True,75.0,match
974,32.467,91.21,True,75.0,match
975,32.5,91.23,True,75.0,match
976,32.533,91.05,True,75.0,match
977,32.567,91.61,True,75.0,match
978,32.6,91.71,True,75.0,match
979,32.633,91.71,True,75.0,match
980,32.667,91.30,True,75.0,match
981,32.7,91.30,True,75.0,match
982,32.733,91.95,True,75.0,match
983,32.767,91.73,True,75.0,match
984,32.8,91.78,True,75.0,match
985,32.833,91.68,True,75.0,match
986,32.867,91.67,True,75.0,match
987,32.9,91.89,True,75.0,match
988,32.933,92.01,True,75.0,match
989,32.967,92.22,True,75.0,match
990,33.0,92.35,True,75.0,match
991,33.033,92.35,True,75.0,match
992,33.067,92.36,True,75.0,match
993,33.1,92.16,True,75.0,match
994,33.133,91.91,True,75.0,match
995,33.167,92.04,True,75.0,match
996,33.2,91.77,True,75.0,match
997,33.233,91.57,True,75.0,match
998,33.267,91.49,True,75.0,match
999,33.3,91.23,True,75.0,match
1000,33.333,91.33,True,75.0,match
1001,33.367,89.17,True,75.0,match
1002,33.4,89.10,True,75.0,match
1003,33.433,88.84,True,75.0,match
1004,33.467,88.87,True,75.0,match
1005,33.5,88.52,True,75.0,match
1006,33.533,88.94,True,75.0,match
1007,33.567,87.92,True,75.0,match
1008,33.6,88.37,True,75.0,match
1009,33.633,89.17,True,75.0,match
1010,33.667,88.83,True,75.0,match
1011,33.7,88.83,True,75.0,match
1012,33.733,88.50,True,75.0,match
1013,33.767,88.39,True,75.0,match
1014,33.8,88.47,True,75.0,match
1015,33.833,88.47,True,75.0,match
1016,33.867,89.36,True,75.0,match
1017,33.9,89.33,True,75.0,match
1018,33.933,88.72,True,75.0,match
1019,33.967,88.32,True,75.0,match
1020,34.0,88.01,True,75.0,match
1021,34.033,87.80,True,75.0,match
1022,34.067,88.78,True,75.0,match
1023,34.1,88.39,True,75.0,match
1024,34.133,87.55,True,75.0,match
1025,34.167,87.82,True,75.0,match
1026,34.2,87.82,True,75.0,match
1027,34.233,89.20,True,75.0,match
1028,34.267,88.90,True,75.0,match
1029,34.3,88.80,True,75.0,match
1030,34.333,89.04,True,75.0,match
1031,34.367,89.03,True,75.0,match
1032,34.4,88.08,True,75.0,match
1033,34.433,89.07,True,75.0,match
1034,34.467,88.86,True,75.0,match
1035,34.5,88.27,True,75.0,match
1036,34.533,89.25,True,75.0,match
1037,34.567,89.26,True,75.0,match
1038,34.6,88.78,True,75.0,match
1039,34.633,89.30,True,75.0,match
1040,34.667,89.07,True,75.0,match
1041,34.7,88.82,True,75.0,match
1042,34.733,88.82,True,75.0,match
1043,34.767,88.92,True,75.0,match
1044,34.8,89.21,True,75.0,match
1045,34.833,89.10,True,75.0,match
1046,34.867,88.95,True,75.0,match
1047,34.9,88.75,True,75.0,match
1048,34.933,89.22,True,75.0,match
1049,34.967,89.59,True,75.0,match
1050,35.0,89.21,True,75.0,match
1051,35.033,89.21,True,75.0,match
1052,35.067,90.04,True,75.0,match
1053,35.1,90.04,True,75.0,match
1054,35.133,89.27,True,75.0,match
1055,35.167,89.76,True,75.0,match
1056,35.2,89.55,True,75.0,match
1057,35.233,89.20,True,75.0,match
1058,35.267,89.17,True,75.0,match
1059,35.3,90.09,True,75.0,match
1060,35.333,90.31,True,75.0,match
1061,35.367,89.23,True,75.0,match
1062,35.4,89.23,True,75.0,match
1063,35.433,89.43,True,75.0,match
1064,35.467,89.75,True,75.0,match
1065,35.5,89.95,True,75.0,match
1066,35.533,90.01,True,75.0,match
1067,35.567,89.82,True,75.0,match
1068,35.6,89.63,True,75.0,match
1069,35.633,89.64,True,75.0,match
1070,35.667,89.85,True,75.0,match
1071,35.7,89.62,True,75.0,match
1072,35.733,89.65,True,75.0,match
1073,35.767,89.57,True,75.0,match
1074,35.8,90.02,True,75.0,match
1075,35.833,89.62,True,75.0,match
1076,35.867,89.28,True,75.0,match
1077,35.9,89.22,True,75.0,match
1078,35.933,89.54,True,75.0,match
1079,35.967,86.15,True,75.0,match
1080,36.0,88.74,True,75.0,match
1081,36.033,89.05,True,75.0,match
1082,36.067,89.17,True,75.0,match
1083,36.1,88.74,True,75.0,match
1084,36.133,89.47,True,75.0,match
1085,36.167,90.57,True,75.0,match
1086,36.2,89.91,True,75.0,match
1087,36.233,89.81,True,75.0,match
1088,36.267,89.06,True,75.0,match
1089,36.3,88.89,True,75.0,match
1090,36.333,88.14,True,75.0,match
1091,36.367,87.14,True,75.0,match
1092,36.4,88.30,True,75.0,match
1093,36.433,87.83,True,75.0,match
1094,36.467,88.68,True,75.0,match
1095,36.5,87.03,True,75.0,match
1096,36.533,88.40,True,75.0,match
1097,36.567,86.97,True,75.0,match
1098,36.6,86.97,True,75.0,match
1099,36.633,87.22,True,75.0,match
1100,36.667,87.20,True,75.0,match
1101,36.7,87.94,True,75.0,match
1102,36.733,87.11,True,75.0,match
1103,36.767,87.32,True,75.0,match
1104,36.8,88.34,True,75.0,match
1105,36.833,88.89,True,75.0,match
1106,36.867,89.11,True,75.0,match
1107,36.9,88.79,True,75.0,match
1108,36.933,87.56,True,75.0,match
1109,36.967,87.48,True,75.0,match
1110,37.0,87.05,True,75.0,match
1111,37.033,87.66,True,75.0,match
1112,37.067,88.04,True,75.0,match
1113,37.1,88.52,True,75.0,match
1114,37.133,87.81,True,75.0,match
1115,37.167,87.19,True,75.0,match
1116,37.2,87.19,True,75.0,match
1117,37.233,87.50,True,75.0,match
1118,37.267,88.35,True,75.0,match
1119,37.3,89.38,True,75.0,match
1120,37.333,88.93,True,75.0,match
1121,37.367,88.59,True,75.0,match
1122,37.4,87.25,True,75.0,match
1123,37.433,87.52,True,75.0,match
1124,37.467,87.40,True,75.0,match
1125,37.5,87.51,True,75.0,match
1126,37.533,87.23,True,75.0,match
1127,37.567,85.39,True,75.0,match
1128,37.6,86.02,True,75.0,match
1129,37.633,87.42,True,75.0,match
1130,37.667,88.15,True,75.0,match
1131,37.7,86.72,True,75.0,match
1132,37.733,87.04,True,75.0,match
1133,37.767,84.93,True,75.0,match
1134,37.8,85.54,True,75.0,match
1135,37.833,86.75,True,75.0,match
1136,37.867,86.75,True,75.0,match
1137,37.9,87.46,True,75.0,match
1138,37.933,87.43,True,75.0,match
1139,37.967,87.48,True,75.0,match
1140,38.0,86.71,True,75.0,match
1141,38.033,87.43,True,75.0,match
1142,38.067,88.55,True,75.0,match
1143,38.1,88.02,True,75.0,match
1144,38.133,88.32,True,75.0,match
1145,38.167,89.04,True,75.0,match
1146,38.2,88.25,True,75.0,match
1147,38.233,89.28,True,75.0,match
1148,38.267,88.95,True,75.0,match
1149,38.3,89.03,True,75.0,match
1150,38.333,88.59,True,75.0,match
1151,38.367,88.40,True,75.0,match
1152,38.4,88.40,True,75.0,match
1153,38.433,89.58,True,75.0,match
1154,38.467,88.11,True,75.0,match
1155,38.5,87.73,True,75.0,match
1156,38.533,89.35,True,75.0,match
1157,38.567,89.02,True,75.0,match
1158,38.6,88.75,True,75.0,match
1159,38.633,89.10,True,75.0,match
1160,38.667,89.52,True,75.0,match
1161,38.7,89.61,True,75.0,match
1162,38.733,90.09,True,75.0,match
1163,38.767,89.90,True,75.0,match
1164,38.8,89.91,True,75.0,match
1165,38.833,89.99,True,75.0,match
1166,38.867,90.25,True,75.0,match
1167,38.9,89.76,True,75.0,match
1168,38.933,90.12,True,75.0,match
1169,38.967,90.11,True,75.0,match
1170,39.0,90.13,True,75.0,match
1171,39.033,90.34,True,75.0,match
1172,39.067,90.34,True,75.0,match
1173,39.1,90.38,True,75.0,match
1174,39.133,89.80,True,75.0,match
1175,39.167,89.37,True,75.0,match
1176,39.2,88.67,True,75.0,match
1177,39.233,88.61,True,75.0,match
1178,39.267,88.80,True,75.0,match
1179,39.3,89.27,True,75.0,match
1180,39.333,89.41,True,75.0,match
1181,39.367,89.70,True,75.0,match
1182,39.4,88.56,True,75.0,match
1183,39.433,88.78,True,75.0,match
1184,39.467,88.59,True,75.0,match
1185,39.5,89.08,True,75.0,match
1186,39.533,89.02,True,75.0,match
1187,39.567,89.75,True,75.0,match
1188,39.6,87.41,True,75.0,match
1189,39.633,87.98,True,75.0,match
1190,39.667,88.79,True,75.0,match
1191,39.7,88.85,True,75.0,match
1192,39.733,89.21,True,75.0,match
1193,39.767,88.99,True,75.0,match
1194,39.8,88.72,True,75.0,match
1195,39.833,88.99,True,75.0,match
1196,39.867,89.03,True,75.0,match
1197,39.9,89.11,True,75.0,match
1198,39.933,90.34,True,75.0,match
1199,39.967,90.34,True,75.0,match
1200,40.0,90.74,True,75.0,match
1201,40.033,89.03,True,75.0,match
1202,40.067,90.50,True,75.0,match
1203,40.1,89.71,True,75.0,match
1204,40.133,89.96,True,75.0,match
1205,40.167,89.89,True,75.0,match
1206,40.2,89.89,True,75.0,match
1207,40.233,90.06,True,75.0,match
1208,40.267,90.06,True,75.0,match
1209,40.3,89.81,True,75.0,match
1210,40.333,89.81,True,75.0,match
1211,40.367,89.50,True,75.0,match
1212,40.4,90.19,True,75.0,match
1213,40.433,90.19,True,75.0,match
1214,40.467,89.63,True,75.0,match
1215,40.5,89.65,True,75.0,match
1216,40.533,89.57,True,75.0,match
1217,40.567,89.57,True,75.0,match
1218,40.6,89.58,True,75.0,match
1219,40.633,89.96,True,75.0,match
1220,40.667,89.63,True,75.0,match
1221,40.7,89.41,True,75.0,match
1222,40.733,89.41,True,75.0,match
1223,40.767,89.10,True,75.0,match
1224,40.8,89.47,True,75.0,match
1225,40.833,89.63,True,75.0,match
1226,40.867,89.35,True,75.0,match
1227,40.9,89.37,True,75.0,match
1228,40.933,90.02,True,75.0,match
1229,40.967,90.53,True,75.0,match
1230,41.0,89.91,True,75.0,match
1231,41.033,89.76,True,75.0,match
1232,41.067,89.74,True,75.0,match
1233,41.1,90.06,True,75.0,match
1234,41.133,89.48,True,75.0,match
1235,41.167,90.16,True,75.0,match
1236,41.2,89.94,True,75.0,match
1237,41.233,89.62,True,75.0,match
1238,41.267,89.27,True,75.0,match
1239,41.3,88.98,True,75.0,match
1240,41.333,88.16,True,75.0,match
1241,41.367,89.84,True,75.0,match
1242,41.4,90.71,True,75.0,match
1243,41.433,89.03,True,75.0,match
1244,41.467,90.36,True,75.0,match
1245,41.5,88.45,True,75.0,match
1246,41.533,88.63,True,75.0,match
1247,41.567,88.95,True,75.0,match
1248,41.6,88.03,True,75.0,match
1249,41.633,88.76,True,75.0,match
1250,41.667,89.16,True,75.0,match
1251,41.7,84.68,True,75.0,match
1252,41.733,84.56,True,75.0,match
1253,41.767,84.90,True,75.0,match
1254,41.8,85.55,True,75.0,match
1255,41.833,85.55,True,75.0,match
1256,41.867,86.64,True,75.0,match
1257,41.9,84.33,True,75.0,match
1258,41.933,85.03,True,75.0,match
1259,41.967,85.11,True,75.0,match
1260,42.0,85.28,True,75.0,match
1261,42.033,84.60,True,75.0,match
1262,42.067,85.83,True,75.0,match
1263,42.1,87.81,True,75.0,match
1264,42.133,87.00,True,75.0,match
1265,42.167,86.90,True,75.0,match
1266,42.2,86.16,True,75.0,match
1267,42.233,85.66,True,75.0,match
1268,42.267,86.69,True,75.0,match
1269,42.3,86.98,True,75.0,match
1270,42.333,86.15,True,75.0,match
1271,42.367,86.34,True,75.0,match
1272,42.4,84.14,True,75.0,match
1273,42.433,86.24,True,75.0,match
1274,42.467,87.80,True,75.0,match
1275,42.5,88.41,True,75.0,match
1276,42.533,87.83,True,75.0,match
1277,42.567,86.74,True,75.0,match
1278,42.6,88.11,True,75.0,match
1279,42.633,88.12,True,75.0,match
1280,42.667,88.19,True,75.0,match
1281,42.7,86.71,True,75.0,match
1282,42.733,86.72,True,75.0,match
1283,42.767,88.72,True,75.0,match
1284,42.8,86.57,True,75.0,match
1285,42.833,87.84,True,75.0,match
1286,42.867,86.54,True,75.0,match
1287,42.9,89.07,True,75.0,match
1288,42.933,89.72,True,75.0,match
1289,42.967,89.72,True,75.0,match
1290,43.0,87.29,True,75.0,match
1291,43.033,87.29,True,75.0,match
1292,43.067,88.93,True,75.0,match
1293,43.1,89.84,True,75.0,match
1294,43.133,88.60,True,75.0,match
1295,43.167,88.86,True,75.0,match
1296,43.2,89.94,True,75.0,match
1297,43.233,89.92,True,75.0,match
1298,43.267,89.55,True,75.0,match
1299,43.3,90.52,True,75.0,match
1300,43.333,89.86,True,75.0,match
1301,43.367,90.38,True,75.0,match
1302,43.4,89.28,True,75.0,match
1303,43.433,90.06,True,75.0,match
1304,43.467,89.25,True,75.0,match
1305,43.5,89.06,True,75.0,match
1306,43.533,88.08,True,75.0,match
1307,43.567,87.90,True,75.0,match
1308,43.6,87.35,True,75.0,match
1309,43.633,88.00,True,75.0,match
1310,43.667,,,75.0,no_face
1311,43.7,83.94,True,75.0,match
1312,43.733,83.89,True,75.0,match
1313,43.767,86.71,True,75.0,match
1314,43.8,88.41,True,75.0,match
1315,43.833,87.80,True,75.0,match
1316,43.867,87.66,True,75.0,match
1317,43.9,88.45,True,75.0,match
1318,43.933,88.45,True,75.0,match
1319,43.967,86.29,True,75.0,match
1320,44.0,88.82,True,75.0,match
1321,44.033,84.79,True,75.0,match
1322,44.067,86.12,True,75.0,match
1323,44.1,85.58,True,75.0,match
1324,44.133,85.42,True,75.0,match
1325,44.167,85.53,True,75.0,match
1326,44.2,86.03,True,75.0,match
1327,44.233,86.04,True,75.0,match
1328,44.267,85.45,True,75.0,match
1329,44.3,85.45,True,75.0,match
1330,44.333,84.34,True,75.0,match
1331,44.367,85.87,True,75.0,match
1332,44.4,84.19,True,75.0,match
1333,44.433,85.71,True,75.0,match
1334,44.467,85.80,True,75.0,match
1335,44.5,84.68,True,75.0,match
1336,44.533,83.18,True,75.0,match
1337,44.567,84.43,True,75.0,match
1338,44.6,85.66,True,75.0,match
1339,44.633,84.95,True,75.0,match
1340,44.667,83.91,True,75.0,match
1341,44.7,85.70,True,75.0,match
1342,44.733,85.01,True,75.0,match
1343,44.767,85.30,True,75.0,match
1344,44.8,85.28,True,75.0,match
1345,44.833,84.65,True,75.0,match
1346,44.867,84.37,True,75.0,match
1347,44.9,84.83,True,75.0,match
1348,44.933,84.67,True,75.0,match
1349,44.967,83.03,True,75.0,match
1350,45.0,85.48,True,75.0,match
1351,45.033,84.60,True,75.0,match
1352,45.067,85.43,True,75.0,match
1353,45.1,84.87,True,75.0,match
1354,45.133,84.87,True,75.0,match
1355,45.167,85.00,True,75.0,match
1356,45.2,83.17,True,75.0,match
1357,45.233,82.62,True,75.0,match
1358,45.267,85.18,True,75.0,match
1359,45.3,85.36,True,75.0,match
1360,45.333,84.02,True,75.0,match
1361,45.367,83.10,True,75.0,match
1362,45.4,84.46,True,75.0,match
1363,45.433,84.44,True,75.0,match
1364,45.467,83.33,True,75.0,match
1365,45.5,83.33,True,75.0,match
1366,45.533,82.84,True,75.0,match
1367,45.567,83.88,True,75.0,match
1368,45.6,83.60,True,75.0,match
1369,45.633,85.14,True,75.0,match
1370,45.667,84.13,True,75.0,match
1371,45.7,84.89,True,75.0,match
1372,45.733,84.94,True,75.0,match
1373,45.767,84.94,True,75.0,match
1374,45.8,85.30,True,75.0,match
1375,45.833,85.53,True,75.0,match
1376,45.867,84.81,True,75.0,match
1377,45.9,84.92,True,75.0,match
1378,45.933,86.28,True,75.0,match
1379,45.967,86.44,True,75.0,match
1380,46.0,86.20,True,75.0,match
1381,46.033,85.87,True,75.0,match
1382,46.067,85.82,True,75.0,match
1383,46.1,85.84,True,75.0,match
1384,46.133,86.11,True,75.0,match
1385,46.167,87.03,True,75.0,match
1386,46.2,85.99,True,75.0,match
1387,46.233,85.52,True,75.0,match
1388,46.267,85.27,True,75.0,match
1389,46.3,86.28,True,75.0,match
1390,46.333,86.27,True,75.0,match
1391,46.367,85.80,True,75.0,match
1392,46.4,86.01,True,75.0,match
1393,46.433,85.80,True,75.0,match
1394,46.467,85.37,True,75.0,match
1395,46.5,85.35,True,75.0,match
1396,46.533,82.80,True,75.0,match
1397,46.567,83.30,True,75.0,match
1398,46.6,83.72,True,75.0,match
1399,46.633,83.72,True,75.0,match
1400,46.667,83.44,True,75.0,match
1401,46.7,83.44,True,75.0,match
1402,46.733,84.23,True,75.0,match
1403,46.767,,,75.0,no_face
1404,46.8,,,75.0,no_face
1405,46.833,86.59,True,75.0,match
1406,46.867,86.80,True,75.0,match
1407,46.9,,,75.0,no_face
1408,46.933,86.21,True,75.0,match
1409,46.967,,,75.0,no_face
1410,47.0,,,75.0,no_face
1411,47.033,,,75.0,no_face
1412,47.067,,,75.0,no_face
1413,47.1,,,75.0,no_face
1414,47.133,,,75.0,no_face
1415,47.167,,,75.0,no_face
1416,47.2,87.66,True,75.0,match
1417,47.233,87.68,True,75.0,match
1418,47.267,87.71,True,75.0,match
1419,47.3,86.98,True,75.0,match
1420,47.333,87.54,True,75.0,match
1421,47.367,87.68,True,75.0,match
1422,47.4,86.40,True,75.0,match
1423,47.433,87.08,True,75.0,match
1424,47.467,87.77,True,75.0,match
1425,47.5,87.38,True,75.0,match
1426,47.533,87.33,True,75.0,match
1427,47.567,86.84,True,75.0,match
1428,47.6,87.46,True,75.0,match
1429,47.633,88.54,True,75.0,match
1430,47.667,86.65,True,75.0,match
1431,47.7,85.92,True,75.0,match
1432,47.733,85.24,True,75.0,match
1433,47.767,86.74,True,75.0,match
1434,47.8,85.60,True,75.0,match
1435,47.833,85.57,True,75.0,match
1436,47.867,86.57,True,75.0,match
1437,47.9,86.57,True,75.0,match
1438,47.933,86.51,True,75.0,match
1439,47.967,85.90,True,75.0,match
1440,48.0,85.89,True,75.0,match
1441,48.033,86.71,True,75.0,match
1442,48.067,86.25,True,75.0,match
1443,48.1,85.25,True,75.0,match
1444,48.133,86.02,True,75.0,match
1445,48.167,87.24,True,75.0,match
1446,48.2,87.24,True,75.0,match
1447,48.233,87.46,True,75.0,match
1448,48.267,86.97,True,75.0,match
1449,48.3,88.21,True,75.0,match
1450,48.333,88.94,True,75.0,match
1451,48.367,88.59,True,75.0,match
1452,48.4,90.15,True,75.0,match
1453,48.433,89.78,True,75.0,match
1454,48.467,91.69,True,75.0,match
1455,48.5,91.45,True,75.0,match
1456,48.533,91.94,True,75.0,match
1457,48.567,90.83,True,75.0,match
1458,48.6,90.04,True,75.0,match
1459,48.633,91.50,True,75.0,match
1460,48.667,91.27,True,75.0,match
1461,48.7,90.38,True,75.0,match
1462,48.733,90.38,True,75.0,match
1463,48.767,90.86,True,75.0,match
1464,48.8,88.94,True,75.0,match
1465,48.833,89.63,True,75.0,match
1466,48.867,88.49,True,75.0,match
1467,48.9,88.67,True,75.0,match
1468,48.933,87.34,True,75.0,match
1469,48.967,87.42,True,75.0,match
1470,49.0,86.85,True,75.0,match
1471,49.033,86.85,True,75.0,match
1472,49.067,87.07,True,75.0,match
1473,49.1,87.98,True,75.0,match
1474,49.133,89.12,True,75.0,match
1475,49.167,89.00,True,75.0,match
1476,49.2,88.58,True,75.0,match
1477,49.233,89.96,True,75.0,match
1478,49.267,90.13,True,75.0,match
1479,49.3,89.39,True,75.0,match
1480,49.333,89.40,True,75.0,match
1481,49.367,90.12,True,75.0,match
1482,49.4,90.06,True,75.0,match
1483,49.433,88.76,True,75.0,match
1484,49.467,88.58,True,75.0,match
1485,49.5,89.46,True,75.0,match
1486,49.533,87.30,True,75.0,match
1487,49.567,87.43,True,75.0,match
1488,49.6,83.72,True,75.0,match
1489,49.633,86.08,True,75.0,match
1490,49.667,83.81,True,75.0,match
1491,49.7,82.82,True,75.0,match
1492,49.733,,,75.0,no_face
1493,49.767,,,75.0,no_face
1494,49.8,,,75.0,no_face
1495,49.833,87.55,True,75.0,match
1496,49.867,88.56,True,75.0,match
1497,49.9,86.95,True,75.0,match
1498,49.933,,,75.0,no_face
1499,49.967,88.37,True,75.0,match
1500,50.0,87.35,True,75.0,match
1501,50.033,88.23,True,75.0,match
1502,50.067,87.85,True,75.0,match
1503,50.1,87.61,True,75.0,match
1504,50.133,,,75.0,no_face
1505,50.167,,,75.0,no_face
1506,50.2,81.34,True,75.0,match
1507,50.233,81.49,True,75.0,match
1508,50.267,79.89,True,75.0,match
1509,50.3,78.94,True,75.0,match
1510,50.333,,,75.0,no_face
1511,50.367,83.74,True,75.0,match
1512,50.4,85.99,True,75.0,match
1513,50.433,,,75.0,no_face
1514,50.467,,,75.0,no_face
1515,50.5,83.03,True,75.0,match
1516,50.533,84.79,True,75.0,match
1517,50.567,,,75.0,no_face
1518,50.6,87.21,True,75.0,match
1519,50.633,,,75.0,no_face
1520,50.667,,,75.0,no_face
1521,50.7,,,75.0,no_face
1522,50.733,,,75.0,no_face
1523,50.767,,,75.0,no_face
1524,50.8,,,75.0,no_face
1525,50.833,,,75.0,no_face
1526,50.867,,,75.0,no_face
1527,50.9,,,75.0,no_face
1528,50.933,,,75.0,no_face
1529,50.967,,,75.0,no_face
1530,51.0,,,75.0,no_face
1531,51.033,,,75.0,no_face
1532,51.067,,,75.0,no_face
1533,51.1,,,75.0,no_face
1534,51.133,,,75.0,no_face
1535,51.167,,,75.0,no_face
1536,51.2,,,75.0,no_face
1537,51.233,,,75.0,no_face
1538,51.267,,,75.0,no_face
1539,51.3,,,75.0,no_face
1540,51.333,,,75.0,no_face
1541,51.367,,,75.0,no_face
1542,51.4,,,75.0,no_face
1543,51.433,,,75.0,no_face
1544,51.467,,,75.0,no_face
1545,51.5,,,75.0,no_face
1546,51.533,,,75.0,no_face
1547,51.567,,,75.0,no_face
1548,51.6,,,75.0,no_face
1549,51.633,,,75.0,no_face
1550,51.667,,,75.0,no_face
1551,51.7,,,75.0,no_face
1552,51.733,,,75.0,no_face
1553,51.767,,,75.0,no_face
1554,51.8,,,75.0,no_face
1555,51.833,,,75.0,no_face
1556,51.867,,,75.0,no_face
1557,51.9,,,75.0,no_face
1558,51.933,,,75.0,no_face
1559,51.967,,,75.0,no_face
1560,52.0,,,75.0,no_face
1561,52.033,,,75.0,no_face
1562,52.067,,,75.0,no_face
1563,52.1,,,75.0,no_face
1564,52.133,,,75.0,no_face
1565,52.167,,,75.0,no_face
1566,52.2,,,75.0,no_face
1567,52.233,,,75.0,no_face
1568,52.267,,,75.0,no_face
1569,52.3,,,75.0,no_face
1570,52.333,,,75.0,no_face
1571,52.367,,,75.0,no_face
1572,52.4,,,75.0,no_face
1573,52.433,,,75.0,no_face
1574,52.467,,,75.0,no_face
1575,52.5,,,75.0,no_face
1576,52.533,,,75.0,no_face
1577,52.567,,,75.0,no_face
1578,52.6,,,75.0,no_face
1579,52.633,,,75.0,no_face
1580,52.667,,,75.0,no_face
1581,52.7,,,75.0,no_face
1582,52.733,,,75.0,no_face
1583,52.767,,,75.0,no_face
1584,52.8,,,75.0,no_face
1585,52.833,,,75.0,no_face
1586,52.867,,,75.0,no_face
1587,52.9,,,75.0,no_face
1588,52.933,67.79,False,75.0,mismatch
1589,52.967,71.42,False,75.0,mismatch
1590,53.0,71.42,False,75.0,mismatch
1591,53.033,67.25,False,75.0,mismatch
1592,53.067,70.75,False,75.0,mismatch
1593,53.1,,,75.0,no_face
1594,53.133,78.05,True,75.0,match
1595,53.167,77.85,True,75.0,match
1596,53.2,79.30,True,75.0,match
1597,53.233,80.11,True,75.0,match
1598,53.267,,,75.0,no_face
1599,53.3,,,75.0,no_face
1600,53.333,85.58,True,75.0,match
1601,53.367,84.84,True,75.0,match
1602,53.4,88.29,True,75.0,match
1603,53.433,88.47,True,75.0,match
1604,53.467,88.16,True,75.0,match
1605,53.5,86.69,True,75.0,match
1606,53.533,87.28,True,75.0,match
1607,53.567,88.04,True,75.0,match
1608,53.6,89.21,True,75.0,match
1609,53.633,86.06,True,75.0,match
1610,53.667,85.20,True,75.0,match
1611,53.7,87.08,True,75.0,match
1612,53.733,84.82,True,75.0,match
1613,53.767,86.26,True,75.0,match
1614,53.8,85.34,True,75.0,match
1615,53.833,85.70,True,75.0,match
1616,53.867,86.37,True,75.0,match
1617,53.9,86.85,True,75.0,match
1618,53.933,87.58,True,75.0,match
1619,53.967,87.41,True,75.0,match
1620,54.0,87.19,True,75.0,match
1621,54.033,88.00,True,75.0,match
1622,54.067,87.79,True,75.0,match
1623,54.1,88.68,True,75.0,match
1624,54.133,89.58,True,75.0,match
1625,54.167,87.17,True,75.0,match
1626,54.2,88.08,True,75.0,match
1627,54.233,87.47,True,75.0,match
1628,54.267,87.33,True,75.0,match
1629,54.3,88.59,True,75.0,match
1630,54.333,88.23,True,75.0,match
1631,54.367,88.37,True,75.0,match
1632,54.4,89.03,True,75.0,match
1633,54.433,89.11,True,75.0,match
1634,54.467,88.98,True,75.0,match
1635,54.5,89.20,True,75.0,match
1636,54.533,90.39,True,75.0,match
1637,54.567,89.36,True,75.0,match
1638,54.6,92.20,True,75.0,match
1639,54.633,92.59,True,75.0,match
1640,54.667,90.31,True,75.0,match
1641,54.7,90.39,True,75.0,match
1642,54.733,89.71,True,75.0,match
1643,54.767,89.98,True,75.0,match
1644,54.8,90.29,True,75.0,match
1645,54.833,89.65,True,75.0,match
1646,54.867,89.80,True,75.0,match
1647,54.9,87.79,True,75.0,match
1648,54.933,90.75,True,75.0,match
1649,54.967,90.02,True,75.0,match
1650,55.0,91.64,True,75.0,match
1651,55.033,90.95,True,75.0,match
1652,55.067,90.56,True,75.0,match
1653,55.1,90.44,True,75.0,match
1654,55.133,89.99,True,75.0,match
1655,55.167,90.01,True,75.0,match
1656,55.2,90.03,True,75.0,match
1657,55.233,90.54,True,75.0,match
1658,55.267,89.18,True,75.0,match
1659,55.3,88.14,True,75.0,match
1660,55.333,88.58,True,75.0,match
1661,55.367,88.37,True,75.0,match
1662,55.4,89.12,True,75.0,match
1663,55.433,88.99,True,75.0,match
1664,55.467,89.00,True,75.0,match
1665,55.5,,,75.0,no_face
1666,55.533,87.64,True,75.0,match
1667,55.567,87.39,True,75.0,match
1668,55.6,87.26,True,75.0,match
1669,55.633,87.30,True,75.0,match
1670,55.667,87.77,True,75.0,match
1671,55.7,87.65,True,75.0,match
1672,55.733,,,75.0,no_face
1673,55.767,,,75.0,no_face
1674,55.8,87.46,True,75.0,match
1675,55.833,87.29,True,75.0,match
1676,55.867,87.54,True,75.0,match
1677,55.9,84.21,True,75.0,match
1678,55.933,,,75.0,no_face
1679,55.967,87.59,True,75.0,match
1680,56.0,87.99,True,75.0,match
1681,56.033,87.14,True,75.0,match
1682,56.067,86.88,True,75.0,match
1683,56.1,87.37,True,75.0,match
1684,56.133,85.09,True,75.0,match
1685,56.167,87.66,True,75.0,match
1686,56.2,87.92,True,75.0,match
1687,56.233,88.50,True,75.0,match
1688,56.267,86.66,True,75.0,match
1689,56.3,87.31,True,75.0,match
1690,56.333,84.29,True,75.0,match
1691,56.367,84.34,True,75.0,match
1692,56.4,86.00,True,75.0,match
1693,56.433,85.69,True,75.0,match
1694,56.467,87.19,True,75.0,match
1695,56.5,87.09,True,75.0,match
1696,56.533,87.56,True,75.0,match
1697,56.567,,,75.0,no_face
1698,56.6,,,75.0,no_face
1699,56.633,,,75.0,no_face
1700,56.667,,,75.0,no_face
1701,56.7,,,75.0,no_face
1702,56.733,87.12,True,75.0,match
1703,56.767,89.56,True,75.0,match
1704,56.8,88.13,True,75.0,match
1705,56.833,88.90,True,75.0,match
1706,56.867,88.99,True,75.0,match
1707,56.9,88.63,True,75.0,match
1708,56.933,87.81,True,75.0,match
1709,56.967,87.87,True,75.0,match
1710,57.0,88.30,True,75.0,match
1711,57.033,88.28,True,75.0,match
1712,57.067,88.58,True,75.0,match
1713,57.1,88.59,True,75.0,match
1714,57.133,88.42,True,75.0,match
1715,57.167,88.59,True,75.0,match
1716,57.2,88.48,True,75.0,match
1717,57.233,88.18,True,75.0,match
1718,57.267,88.23,True,75.0,match
1719,57.3,87.86,True,75.0,match
1720,57.333,88.51,True,75.0,match
1721,57.367,88.37,True,75.0,match
1722,57.4,88.47,True,75.0,match
1723,57.433,88.41,True,75.0,match
1724,57.467,87.50,True,75.0,match
1725,57.5,88.05,True,75.0,match
1726,57.533,87.15,True,75.0,match
1727,57.567,87.17,True,75.0,match
1728,57.6,87.01,True,75.0,match
1729,57.633,87.01,True,75.0,match
1730,57.667,87.20,True,75.0,match
1731,57.7,86.82,True,75.0,match
1732,57.733,87.71,True,75.0,match
1733,57.767,87.53,True,75.0,match
1734,57.8,87.33,True,75.0,match
1735,57.833,88.67,True,75.0,match
1736,57.867,88.43,True,75.0,match
1737,57.9,88.66,True,75.0,match
1738,57.933,88.38,True,75.0,match
1739,57.967,88.43,True,75.0,match
1740,58.0,88.94,True,75.0,match
1741,58.033,88.94,True,75.0,match
1742,58.067,89.03,True,75.0,match
1743,58.1,88.47,True,75.0,match
1744,58.133,88.23,True,75.0,match
1745,58.167,88.43,True,75.0,match
1746,58.2,88.87,True,75.0,match
1747,58.233,86.78,True,75.0,match
1748,58.267,88.67,True,75.0,match
1749,58.3,88.67,True,75.0,match
1750,58.333,86.83,True,75.0,match
1751,58.367,,,75.0,no_face
1752,58.4,85.77,True,75.0,match
1753,58.433,85.78,True,75.0,match
1754,58.467,86.10,True,75.0,match
1755,58.5,85.89,True,75.0,match
1756,58.533,86.11,True,75.0,match
1757,58.567,87.47,True,75.0,match
1758,58.6,85.74,True,75.0,match
1759,58.633,,,75.0,no_face
1760,58.667,,,75.0,no_face
1761,58.7,,,75.0,no_face
1762,58.733,,,75.0,no_face
1763,58.767,,,75.0,no_face
1764,58.8,,,75.0,no_face
1765,58.833,,,75.0,no_face
1766,58.867,,,75.0,no_face
1767,58.9,,,75.0,no_face
1768,58.933,,,75.0,no_face
1769,58.967,,,75.0,no_face
1770,59.0,,,75.0,no_face
1771,59.033,,,75.0,no_face
1772,59.067,,,75.0,no_face
1773,59.1,,,75.0,no_face
1774,59.133,,,75.0,no_face
1775,59.167,,,75.0,no_face
1776,59.2,,,75.0,no_face
1777,59.233,,,75.0,no_face
1778,59.267,,,75.0,no_face
1779,59.3,,,75.0,no_face
1780,59.333,,,75.0,no_face
1781,59.367,,,75.0,no_face
1782,59.4,,,75.0,no_face
1783,59.433,,,75.0,no_face
1784,59.467,,,75.0,no_face
1785,59.5,,,75.0,no_face
1786,59.533,,,75.0,no_face
1787,59.567,,,75.0,no_face
1788,59.6,,,75.0,no_face
1789,59.633,,,75.0,no_face
1790,59.667,,,75.0,no_face
1791,59.7,,,75.0,no_face
1792,59.733,,,75.0,no_face
1793,59.767,89.15,True,75.0,match
1794,59.8,89.83,True,75.0,match
1795,59.833,89.28,True,75.0,match
1796,59.867,,,75.0,no_face
1797,59.9,88.89,True,75.0,match
1798,59.933,,,75.0,no_face
1799,59.967,,,75.0,no_face
1800,60.0,88.43,True,75.0,match
1801,60.033,89.50,True,75.0,match
1802,60.067,,,75.0,no_face
1803,60.1,,,75.0,no_face
1804,60.133,,,75.0,no_face
1805,60.167,,,75.0,no_face
1806,60.2,,,75.0,no_face
1807,60.233,,,75.0,no_face
1808,60.267,,,75.0,no_face
1809,60.3,89.88,True,75.0,match
1810,60.333,89.88,True,75.0,match
1811,60.367,90.70,True,75.0,match
1812,60.4,91.69,True,75.0,match
1813,60.433,91.41,True,75.0,match
1814,60.467,90.55,True,75.0,match
1815,60.5,91.57,True,75.0,match
1816,60.533,90.53,True,75.0,match
1817,60.567,88.34,True,75.0,match
1818,60.6,90.11,True,75.0,match
1819,60.633,89.36,True,75.0,match
1820,60.667,88.56,True,75.0,match
1821,60.7,88.56,True,75.0,match
1822,60.733,89.77,True,75.0,match
1823,60.767,,,75.0,no_face
1824,60.8,,,75.0,no_face
1825,60.833,87.74,True,75.0,match
1826,60.867,89.50,True,75.0,match
1827,60.9,86.27,True,75.0,match
1828,60.933,89.04,True,75.0,match
1829,60.967,88.53,True,75.0,match
1830,61.0,89.16,True,75.0,match
1831,61.033,89.06,True,75.0,match
1832,61.067,88.64,True,75.0,match
1833,61.1,88.36,True,75.0,match
1834,61.133,88.60,True,75.0,match
1835,61.167,88.61,True,75.0,match
1836,61.2,88.72,True,75.0,match
1837,61.233,88.77,True,75.0,match
1838,61.267,88.68,True,75.0,match
1839,61.3,88.68,True,75.0,match
1840,61.333,89.04,True,75.0,match
1841,61.367,88.96,True,75.0,match
1842,61.4,89.21,True,75.0,match
1843,61.433,89.80,True,75.0,match
1844,61.467,89.20,True,75.0,match
1845,61.5,,,75.0,no_face
1846,61.533,,,75.0,no_face
1847,61.567,,,75.0,no_face
1848,61.6,,,75.0,no_face
1849,61.633,,,75.0,no_face
1850,61.667,,,75.0,no_face
1851,61.7,,,75.0,no_face
1852,61.733,,,75.0,no_face
1853,61.767,,,75.0,no_face
1854,61.8,,,75.0,no_face
1855,61.833,,,75.0,no_face
1856,61.867,,,75.0,no_face
1857,61.9,,,75.0,no_face
1858,61.933,,,75.0,no_face
1859,61.967,,,75.0,no_face
1860,62.0,,,75.0,no_face
1861,62.033,,,75.0,no_face
1862,62.067,,,75.0,no_face
1863,62.1,,,75.0,no_face
1864,62.133,,,75.0,no_face
1865,62.167,,,75.0,no_face
1866,62.2,,,75.0,no_face
1867,62.233,,,75.0,no_face
1868,62.267,,,75.0,no_face
1869,62.3,,,75.0,no_face
1870,62.333,,,75.0,no_face
1871,62.367,,,75.0,no_face
1872,62.4,,,75.0,no_face
1873,62.433,,,75.0,no_face
1874,62.467,,,75.0,no_face
1875,62.5,,,75.0,no_face
1876,62.533,,,75.0,no_face
1877,62.567,,,75.0,no_face
1878,62.6,,,75.0,no_face
1879,62.633,,,75.0,no_face
1880,62.667,,,75.0,no_face
1881,62.7,,,75.0,no_face
1882,62.733,,,75.0,no_face
1883,62.767,,,75.0,no_face
1884,62.8,,,75.0,no_face
1885,62.833,,,75.0,no_face
1886,62.867,,,75.0,no_face
1887,62.9,,,75.0,no_face
1888,62.933,,,75.0,no_face
1889,62.967,,,75.0,no_face
1890,63.0,,,75.0,no_face
1891,63.033,,,75.0,no_face
1892,63.067,,,75.0,no_face
1893,63.1,,,75.0,no_face
1894,63.133,,,75.0,no_face
1895,63.167,,,75.0,no_face
1896,63.2,,,75.0,no_face
1897,63.233,,,75.0,no_face
1898,63.267,,,75.0,no_face
1899,63.3,,,75.0,no_face
1900,63.333,,,75.0,no_face
1901,63.367,,,75.0,no_face
1902,63.4,,,75.0,no_face
1903,63.433,,,75.0,no_face
1904,63.467,,,75.0,no_face
1905,63.5,,,75.0,no_face
1906,63.533,,,75.0,no_face
1907,63.567,,,75.0,no_face
1908,63.6,,,75.0,no_face
1909,63.633,,,75.0,no_face
1910,63.667,,,75.0,no_face
1911,63.7,,,75.0,no_face
1912,63.733,,,75.0,no_face
1913,63.767,,,75.0,no_face
1914,63.8,,,75.0,no_face
1915,63.833,,,75.0,no_face
1916,63.867,,,75.0,no_face
1917,63.9,,,75.0,no_face
1918,63.933,,,75.0,no_face
1919,63.967,,,75.0,no_face
1920,64.0,,,75.0,no_face
1921,64.033,,,75.0,no_face
1922,64.067,86.32,True,75.0,match
1923,64.1,,,75.0,no_face
1924,64.133,85.07,True,75.0,match
1925,64.167,86.60,True,75.0,match
1926,64.2,84.90,True,75.0,match
1927,64.233,84.99,True,75.0,match
1928,64.267,87.86,True,75.0,match
1929,64.3,87.86,True,75.0,match
1930,64.333,87.91,True,75.0,match
1931,64.367,89.04,True,75.0,match
1932,64.4,87.96,True,75.0,match
1933,64.433,87.05,True,75.0,match
1934,64.467,87.07,True,75.0,match
1935,64.5,88.59,True,75.0,match
1936,64.533,88.57,True,75.0,match
1937,64.567,86.06,True,75.0,match
1938,64.6,86.06,True,75.0,match
1939,64.633,84.81,True,75.0,match
1940,64.667,84.85,True,75.0,match
1941,64.7,,,75.0,no_face
1942,64.733,,,75.0,no_face
1943,64.767,89.41,True,75.0,match
1944,64.8,,,75.0,no_face
1945,64.833,,,75.0,no_face
1946,64.867,,,75.0,no_face
1947,64.9,,,75.0,no_face
1948,64.933,,,75.0,no_face
1949,64.967,,,75.0,no_face
1950,65.0,,,75.0,no_face
1951,65.033,87.33,True,75.0,match
1952,65.067,86.72,True,75.0,match
1953,65.1,,,75.0,no_face
1954,65.133,,,75.0,no_face
1955,65.167,,,75.0,no_face
1956,65.2,,,75.0,no_face
1957,65.233,86.38,True,75.0,match
1958,65.267,86.04,True,75.0,match
1959,65.3,85.48,True,75.0,match
1960,65.333,86.17,True,75.0,match
1961,65.367,86.50,True,75.0,match
1962,65.4,,,75.0,no_face
1963,65.433,,,75.0,no_face
1964,65.467,,,75.0,no_face
1965,65.5,,,75.0,no_face
1966,65.533,85.59,True,75.0,match
1967,65.567,86.42,True,75.0,match
1968,65.6,87.44,True,75.0,match
1969,65.633,86.86,True,75.0,match
1970,65.667,86.87,True,75.0,match
1971,65.7,84.99,True,75.0,match
1972,65.733,86.36,True,75.0,match
1973,65.767,87.15,True,75.0,match
1974,65.8,85.82,True,75.0,match
1975,65.833,88.00,True,75.0,match
1976,65.867,84.96,True,75.0,match
1977,65.9,85.28,True,75.0,match
1978,65.933,84.20,True,75.0,match
1979,65.967,84.24,True,75.0,match
1980,66.0,83.01,True,75.0,match
1981,66.033,82.05,True,75.0,match
1982,66.067,82.33,True,75.0,match
1983,66.1,84.65,True,75.0,match
1984,66.133,83.70,True,75.0,match
1985,66.167,83.49,True,75.0,match
1986,66.2,84.90,True,75.0,match
1987,66.233,84.80,True,75.0,match
1988,66.267,86.44,True,75.0,match
1989,66.3,84.24,True,75.0,match
1990,66.333,84.45,True,75.0,match
1991,66.367,85.62,True,75.0,match
1992,66.4,84.64,True,75.0,match
1993,66.433,85.10,True,75.0,match
1994,66.467,84.92,True,75.0,match
1995,66.5,85.52,True,75.0,match
1996,66.533,84.76,True,75.0,match
1997,66.567,83.18,True,75.0,match
1998,66.6,82.06,True,75.0,match
1999,66.633,81.53,True,75.0,match
2000,66.667,82.39,True,75.0,match
2001,66.7,87.26,True,75.0,match
2002,66.733,88.88,True,75.0,match
2003,66.767,88.88,True,75.0,match
2004,66.8,87.30,True,75.0,match
2005,66.833,87.60,True,75.0,match
2006,66.867,89.25,True,75.0,match
2007,66.9,88.33,True,75.0,match
2008,66.933,89.20,True,75.0,match
2009,66.967,89.92,True,75.0,match
2010,67.0,88.16,True,75.0,match
2011,67.033,88.73,True,75.0,match
2012,67.067,88.62,True,75.0,match
2013,67.1,88.49,True,75.0,match
2014,67.133,88.57,True,75.0,match
2015,67.167,88.48,True,75.0,match
2016,67.2,88.80,True,75.0,match
2017,67.233,87.35,True,75.0,match
2018,67.267,89.79,True,75.0,match
2019,67.3,89.36,True,75.0,match
2020,67.333,89.85,True,75.0,match
2021,67.367,89.95,True,75.0,match
2022,67.4,88.26,True,75.0,match
2023,67.433,88.26,True,75.0,match
2024,67.467,88.80,True,75.0,match
2025,67.5,89.82,True,75.0,match
2026,67.533,89.34,True,75.0,match
2027,67.567,89.42,True,75.0,match
2028,67.6,89.68,True,75.0,match
2029,67.633,89.70,True,75.0,match
2030,67.667,88.66,True,75.0,match
2031,67.7,89.89,True,75.0,match
2032,67.733,90.17,True,75.0,match
2033,67.767,89.92,True,75.0,match
2034,67.8,89.60,True,75.0,match
2035,67.833,89.09,True,75.0,match
2036,67.867,88.61,True,75.0,match
2037,67.9,88.59,True,75.0,match
2038,67.933,88.31,True,75.0,match
2039,67.967,88.34,True,75.0,match
2040,68.0,90.96,True,75.0,match
2041,68.033,89.12,True,75.0,match
2042,68.067,89.24,True,75.0,match
2043,68.1,88.81,True,75.0,match
2044,68.133,89.14,True,75.0,match
2045,68.167,88.14,True,75.0,match
2046,68.2,88.03,True,75.0,match
2047,68.233,89.16,True,75.0,match
2048,68.267,89.24,True,75.0,match
2049,68.3,89.12,True,75.0,match
2050,68.333,88.87,True,75.0,match
2051,68.367,89.36,True,75.0,match
2052,68.4,89.36,True,75.0,match
2053,68.433,89.55,True,75.0,match
2054,68.467,88.81,True,75.0,match
2055,68.5,89.14,True,75.0,match
2056,68.533,89.06,True,75.0,match
2057,68.567,89.11,True,75.0,match
2058,68.6,89.72,True,75.0,match
2059,68.633,89.72,True,75.0,match
2060,68.667,89.11,True,75.0,match
2061,68.7,89.85,True,75.0,match
2062,68.733,89.75,True,75.0,match
2063,68.767,89.47,True,75.0,match
2064,68.8,89.91,True,75.0,match
2065,68.833,89.34,True,75.0,match
2066,68.867,89.27,True,75.0,match
2067,68.9,89.00,True,75.0,match
2068,68.933,88.73,True,75.0,match
2069,68.967,88.72,True,75.0,match
2070,69.0,89.41,True,75.0,match
2071,69.033,89.41,True,75.0,match
2072,69.067,88.82,True,75.0,match
2073,69.1,88.20,True,75.0,match
2074,69.133,89.05,True,75.0,match
2075,69.167,90.39,True,75.0,match
2076,69.2,88.97,True,75.0,match
2077,69.233,89.81,True,75.0,match
2078,69.267,90.24,True,75.0,match
2079,69.3,88.45,True,75.0,match
2080,69.333,88.38,True,75.0,match
2081,69.367,88.70,True,75.0,match
2082,69.4,88.73,True,75.0,match
2083,69.433,88.32,True,75.0,match
2084,69.467,88.32,True,75.0,match
2085,69.5,88.61,True,75.0,match
2086,69.533,88.53,True,75.0,match
2087,69.567,88.15,True,75.0,match
2088,69.6,88.37,True,75.0,match
2089,69.633,88.10,True,75.0,match
2090,69.667,87.98,True,75.0,match
2091,69.7,88.01,True,75.0,match
2092,69.733,89.19,True,75.0,match
2093,69.767,89.34,True,75.0,match
2094,69.8,88.89,True,75.0,match
2095,69.833,88.91,True,75.0,match
2096,69.867,89.24,True,75.0,match
2097,69.9,88.87,True,75.0,match
2098,69.933,88.47,True,75.0,match
2099,69.967,89.18,True,75.0,match
2100,70.0,89.09,True,75.0,match
2101,70.033,89.33,True,75.0,match
2102,70.067,89.29,True,75.0,match
2103,70.1,89.97,True,75.0,match
2104,70.133,89.39,True,75.0,match
2105,70.167,89.04,True,75.0,match
2106,70.2,89.19,True,75.0,match
2107,70.233,88.90,True,75.0,match
2108,70.267,89.33,True,75.0,match
2109,70.3,89.44,True,75.0,match
2110,70.333,90.00,True,75.0,match
2111,70.367,89.16,True,75.0,match
2112,70.4,89.20,True,75.0,match
2113,70.433,89.20,True,75.0,match
2114,70.467,89.18,True,75.0,match
2115,70.5,88.81,True,75.0,match
2116,70.533,88.23,True,75.0,match
2117,70.567,89.48,True,75.0,match
2118,70.6,89.06,True,75.0,match
2119,70.633,89.21,True,75.0,match
2120,70.667,89.26,True,75.0,match
2121,70.7,89.07,True,75.0,match
2122,70.733,88.26,True,75.0,match
2123,70.767,88.32,True,75.0,match
2124,70.8,88.61,True,75.0,match
2125,70.833,89.09,True,75.0,match
2126,70.867,89.20,True,75.0,match
2127,70.9,88.17,True,75.0,match
2128,70.933,90.18,True,75.0,match
2129,70.967,90.18,True,75.0,match
2130,71.0,89.40,True,75.0,match
2131,71.033,89.36,True,75.0,match
2132,71.067,89.05,True,75.0,match
2133,71.1,88.99,True,75.0,match
2134,71.133,87.95,True,75.0,match
2135,71.167,89.10,True,75.0,match
2136,71.2,88.51,True,75.0,match
2137,71.233,88.86,True,75.0,match
2138,71.267,88.62,True,75.0,match
2139,71.3,87.72,True,75.0,match
2140,71.333,87.43,True,75.0,match
2141,71.367,87.92,True,75.0,match
2142,71.4,87.77,True,75.0,match
2143,71.433,88.99,True,75.0,match
2144,71.467,87.77,True,75.0,match
2145,71.5,87.76,True,75.0,match
2146,71.533,88.51,True,75.0,match
2147,71.567,89.04,True,75.0,match
2148,71.6,88.71,True,75.0,match
2149,71.633,88.71,True,75.0,match
2150,71.667,89.40,True,75.0,match
2151,71.7,88.69,True,75.0,match
2152,71.733,89.10,True,75.0,match
2153,71.767,88.44,True,75.0,match
2154,71.8,88.99,True,75.0,match
2155,71.833,90.04,True,75.0,match
2156,71.867,89.20,True,75.0,match
2157,71.9,89.64,True,75.0,match
2158,71.933,91.66,True,75.0,match
2159,71.967,91.08,True,75.0,match
2160,72.0,90.64,True,75.0,match
2161,72.033,90.28,True,75.0,match
2162,72.067,91.77,True,75.0,match
2163,72.1,91.38,True,75.0,match
2164,72.133,91.81,True,75.0,match
2165,72.167,91.96,True,75.0,match
2166,72.2,91.58,True,75.0,match
2167,72.233,91.54,True,75.0,match
2168,72.267,91.78,True,75.0,match
2169,72.3,91.73,True,75.0,match
2170,72.333,90.40,True,75.0,match
2171,72.367,89.61,True,75.0,match
2172,72.4,88.54,True,75.0,match
2173,72.433,90.99,True,75.0,match
2174,72.467,90.79,True,75.0,match
2175,72.5,89.07,True,75.0,match
2176,72.533,89.69,True,75.0,match
2177,72.567,88.73,True,75.0,match
2178,72.6,88.50,True,75.0,match
2179,72.633,89.12,True,75.0,match
2180,72.667,,,75.0,no_face
2181,72.7,,,75.0,no_face
2182,72.733,82.63,True,75.0,match
2183,72.767,83.56,True,75.0,match
2184,72.8,88.58,True,75.0,match
2185,72.833,89.57,True,75.0,match
2186,72.867,89.16,True,75.0,match
2187,72.9,,,75.0,no_face
2188,72.933,,,75.0,no_face
2189,72.967,88.05,True,75.0,match
2190,73.0,87.64,True,75.0,match
2191,73.033,88.04,True,75.0,match
2192,73.067,88.10,True,75.0,match
2193,73.1,88.76,True,75.0,match
2194,73.133,88.63,True,75.0,match
2195,73.167,89.19,True,75.0,match
2196,73.2,89.29,True,75.0,match
2197,73.233,88.32,True,75.0,match
2198,73.267,88.45,True,75.0,match
2199,73.3,88.92,True,75.0,match
2200,73.333,88.07,True,75.0,match
2201,73.367,86.79,True,75.0,match
2202,73.4,88.81,True,75.0,match
2203,73.433,88.76,True,75.0,match
2204,73.467,87.33,True,75.0,match
2205,73.5,87.23,True,75.0,match
2206,73.533,86.63,True,75.0,match
2207,73.567,88.60,True,75.0,match
2208,73.6,89.39,True,75.0,match
2209,73.633,88.63,True,75.0,match
2210,73.667,89.09,True,75.0,match
2211,73.7,89.73,True,75.0,match
2212,73.733,89.59,True,75.0,match
2213,73.767,89.13,True,75.0,match
2214,73.8,89.17,True,75.0,match
2215,73.833,89.13,True,75.0,match
2216,73.867,87.77,True,75.0,match
2217,73.9,88.07,True,75.0,match
2218,73.933,87.95,True,75.0,match
2219,73.967,88.37,True,75.0,match
2220,74.0,88.73,True,75.0,match
2221,74.033,88.88,True,75.0,match
2222,74.067,88.13,True,75.0,match
2223,74.1,87.19,True,75.0,match
2224,74.133,87.25,True,75.0,match
2225,74.167,88.22,True,75.0,match
2226,74.2,88.43,True,75.0,match
2227,74.233,88.41,True,75.0,match
2228,74.267,87.52,True,75.0,match
2229,74.3,87.31,True,75.0,match
2230,74.333,86.59,True,75.0,match
2231,74.367,88.48,True,75.0,match
2232,74.4,84.42,True,75.0,match
2233,74.433,84.93,True,75.0,match
2234,74.467,86.89,True,75.0,match
2235,74.5,87.36,True,75.0,match
2236,74.533,85.63,True,75.0,match
2237,74.567,84.37,True,75.0,match
2238,74.6,78.81,True,75.0,match
2239,74.633,77.83,True,75.0,match
2240,74.667,67.01,False,75.0,mismatch
2241,74.7,65.42,False,75.0,mismatch
2242,74.733,73.59,False,75.0,mismatch
2243,74.767,84.41,True,75.0,match
2244,74.8,84.86,True,75.0,match
2245,74.833,84.34,True,75.0,match
2246,74.867,83.90,True,75.0,match
2247,74.9,84.08,True,75.0,match
2248,74.933,84.11,True,75.0,match
2249,74.967,78.31,True,75.0,match
2250,75.0,77.77,True,75.0,match
2251,75.033,88.61,True,75.0,match
2252,75.067,88.61,True,75.0,match
2253,75.1,86.37,True,75.0,match
2254,75.133,86.09,True,75.0,match
2255,75.167,87.74,True,75.0,match
2256,75.2,88.17,True,75.0,match
2257,75.233,87.80,True,75.0,match
2258,75.267,88.07,True,75.0,match
2259,75.3,86.73,True,75.0,match
2260,75.333,85.98,True,75.0,match
2261,75.367,86.47,True,75.0,match
2262,75.4,86.41,True,75.0,match
2263,75.433,86.62,True,75.0,match
2264,75.467,86.23,True,75.0,match
2265,75.5,85.15,True,75.0,match
2266,75.533,86.54,True,75.0,match
2267,75.567,85.86,True,75.0,match
2268,75.6,86.05,True,75.0,match
2269,75.633,87.35,True,75.0,match
2270,75.667,84.95,True,75.0,match
2271,75.7,85.89,True,75.0,match
2272,75.733,84.52,True,75.0,match
2273,75.767,85.25,True,75.0,match
2274,75.8,84.26,True,75.0,match
2275,75.833,83.32,True,75.0,match
2276,75.867,85.90,True,75.0,match
2277,75.9,80.51,True,75.0,match
2278,75.933,81.81,True,75.0,match
2279,75.967,77.24,True,75.0,match
2280,76.0,70.02,False,75.0,mismatch
2281,76.033,71.81,False,75.0,mismatch
2282,76.067,75.89,True,75.0,match
2283,76.1,68.38,False,75.0,mismatch
2284,76.133,70.67,False,75.0,mismatch
2285,76.167,66.65,False,75.0,mismatch
2286,76.2,66.65,False,75.0,mismatch
2287,76.233,67.70,False,75.0,mismatch
2288,76.267,66.30,False,75.0,mismatch
2289,76.3,74.67,False,75.0,mismatch
2290,76.333,78.26,True,75.0,match
2291,76.367,77.14,True,75.0,match
2292,76.4,,,75.0,no_face
2293,76.433,,,75.0,no_face
2294,76.467,,,75.0,no_face
2295,76.5,,,75.0,no_face
2296,76.533,,,75.0,no_face
2297,76.567,,,75.0,no_face
2298,76.6,,,75.0,no_face
2299,76.633,,,75.0,no_face
2300,76.667,,,75.0,no_face
2301,76.7,,,75.0,no_face
2302,76.733,,,75.0,no_face
2303,76.767,,,75.0,no_face
2304,76.8,,,75.0,no_face
2305,76.833,,,75.0,no_face
2306,76.867,,,75.0,no_face
2307,76.9,,,75.0,no_face
2308,76.933,59.45,False,75.0,mismatch
2309,76.967,59.45,False,75.0,mismatch
2310,77.0,58.97,False,75.0,mismatch
2311,77.033,58.72,False,75.0,mismatch
2312,77.067,58.71,False,75.0,mismatch
2313,77.1,58.71,False,75.0,mismatch
2314,77.133,58.62,False,75.0,mismatch
2315,77.167,57.75,False,75.0,mismatch
2316,77.2,58.75,False,75.0,mismatch
2317,77.233,88.06,True,75.0,match
2318,77.267,87.93,True,75.0,match
2319,77.3,,,75.0,no_face
2320,77.333,,,75.0,no_face
2321,77.367,,,75.0,no_face
2322,77.4,,,75.0,no_face
2323,77.433,,,75.0,no_face
2324,77.467,,,75.0,no_face
2325,77.5,68.06,False,75.0,mismatch
2326,77.533,88.59,True,75.0,match
2327,77.567,,,75.0,no_face
2328,77.6,89.12,True,75.0,match
2329,77.633,88.30,True,75.0,match
2330,77.667,88.78,True,75.0,match
2331,77.7,88.00,True,75.0,match
2332,77.733,89.29,True,75.0,match
2333,77.767,89.29,True,75.0,match
2334,77.8,88.34,True,75.0,match
2335,77.833,88.46,True,75.0,match
2336,77.867,88.04,True,75.0,match
2337,77.9,88.92,True,75.0,match
2338,77.933,89.23,True,75.0,match
2339,77.967,89.70,True,75.0,match
2340,78.0,88.58,True,75.0,match
2341,78.033,71.37,False,75.0,mismatch
2342,78.067,71.54,False,75.0,mismatch
2343,78.1,70.71,False,75.0,mismatch
2344,78.133,71.58,False,75.0,mismatch
2345,78.167,71.28,False,75.0,mismatch
2346,78.2,70.90,False,75.0,mismatch
2347,78.233,72.34,False,75.0,mismatch
2348,78.267,73.83,False,75.0,mismatch
2349,78.3,89.34,True,75.0,match
2350,78.333,88.80,True,75.0,match
2351,78.367,88.94,True,75.0,match
2352,78.4,84.69,True,75.0,match
2353,78.433,89.92,True,75.0,match
2354,78.467,88.80,True,75.0,match
2355,78.5,89.43,True,75.0,match
2356,78.533,89.02,True,75.0,match
2357,78.567,88.34,True,75.0,match
2358,78.6,88.26,True,75.0,match
2359,78.633,87.36,True,75.0,match
2360,78.667,87.34,True,75.0,match
2361,78.7,87.95,True,75.0,match
2362,78.733,88.01,True,75.0,match
2363,78.767,88.94,True,75.0,match
2364,78.8,88.20,True,75.0,match
2365,78.833,89.07,True,75.0,match
2366,78.867,89.11,True,75.0,match
2367,78.9,88.47,True,75.0,match
2368,78.933,88.57,True,75.0,match
2369,78.967,88.92,True,75.0,match
2370,79.0,,,75.0,no_face
2371,79.033,89.01,True,75.0,match
2372,79.067,88.62,True,75.0,match
2373,79.1,88.63,True,75.0,match
2374,79.133,88.66,True,75.0,match
2375,79.167,89.49,True,75.0,match
2376,79.2,89.49,True,75.0,match
2377,79.233,,,75.0,no_face
2378,79.267,,,75.0,no_face
2379,79.3,,,75.0,no_face
2380,79.333,85.33,True,75.0,match
2381,79.367,84.62,True,75.0,match
2382,79.4,,,75.0,no_face
2383,79.433,,,75.0,no_face
2384,79.467,85.33,True,75.0,match
2385,79.5,85.21,True,75.0,match
2386,79.533,88.77,True,75.0,match
2387,79.567,89.98,True,75.0,match
2388,79.6,89.37,True,75.0,match
2389,79.633,89.05,True,75.0,match
2390,79.667,89.51,True,75.0,match
2391,79.7,88.35,True,75.0,match
2392,79.733,88.87,True,75.0,match
2393,79.767,88.48,True,75.0,match
2394,79.8,88.48,True,75.0,match
2395,79.833,89.07,True,75.0,match
2396,79.867,89.07,True,75.0,match
2397,79.9,88.38,True,75.0,match
2398,79.933,89.40,True,75.0,match
2399,79.967,88.10,True,75.0,match
2400,80.0,88.69,True,75.0,match
2401,80.033,88.87,True,75.0,match
2402,80.067,88.08,True,75.0,match
2403,80.1,88.29,True,75.0,match
2404,80.133,88.16,True,75.0,match
2405,80.167,88.27,True,75.0,match
2406,80.2,88.50,True,75.0,match
2407,80.233,88.50,True,75.0,match
2408,80.267,88.98,True,75.0,match
2409,80.3,88.47,True,75.0,match
2410,80.333,88.53,True,75.0,match
2411,80.367,89.13,True,75.0,match
2412,80.4,89.04,True,75.0,match
2413,80.433,87.33,True,75.0,match
2414,80.467,88.19,True,75.0,match
2415,80.5,86.52,True,75.0,match
2416,80.533,87.93,True,75.0,match
2417,80.567,88.50,True,75.0,match
2418,80.6,87.29,True,75.0,match
2419,80.633,87.64,True,75.0,match
2420,80.667,88.34,True,75.0,match
2421,80.7,88.25,True,75.0,match
2422,80.733,87.95,True,75.0,match
2423,80.767,88.28,True,75.0,match
2424,80.8,88.62,True,75.0,match
2425,80.833,88.43,True,75.0,match
2426,80.867,87.27,True,75.0,match
2427,80.9,88.10,True,75.0,match
2428,80.933,87.40,True,75.0,match
2429,80.967,87.74,True,75.0,match
2430,81.0,88.23,True,75.0,match
2431,81.033,88.35,True,75.0,match
2432,81.067,88.35,True,75.0,match
2433,81.1,88.48,True,75.0,match
2434,81.133,88.48,True,75.0,match
2435,81.167,87.55,True,75.0,match
2436,81.2,88.43,True,75.0,match
2437,81.233,89.01,True,75.0,match
2438,81.267,89.37,True,75.0,match
2439,81.3,88.97,True,75.0,match
2440,81.333,88.76,True,75.0,match
2441,81.367,88.90,True,75.0,match
2442,81.4,89.69,True,75.0,match
2443,81.433,89.32,True,75.0,match
2444,81.467,89.07,True,75.0,match
2445,81.5,88.94,True,75.0,match
2446,81.533,88.66,True,75.0,match
2447,81.567,89.14,True,75.0,match
2448,81.6,89.41,True,75.0,match
2449,81.633,89.61,True,75.0,match
2450,81.667,89.45,True,75.0,match
2451,81.7,89.53,True,75.0,match
2452,81.733,89.69,True,75.0,match
2453,81.767,89.32,True,75.0,match
2454,81.8,89.36,True,75.0,match
2455,81.833,89.20,True,75.0,match
2456,81.867,88.64,True,75.0,match
2457,81.9,89.12,True,75.0,match
2458,81.933,88.50,True,75.0,match
2459,81.967,88.50,True,75.0,match
2460,82.0,88.67,True,75.0,match
2461,82.033,89.00,True,75.0,match
2462,82.067,89.00,True,75.0,match
2463,82.1,88.51,True,75.0,match
2464,82.133,88.70,True,75.0,match
2465,82.167,88.63,True,75.0,match
2466,82.2,88.78,True,75.0,match
2467,82.233,88.80,True,75.0,match
2468,82.267,89.92,True,75.0,match
2469,82.3,88.87,True,75.0,match
2470,82.333,89.34,True,75.0,match
2471,82.367,89.36,True,75.0,match
2472,82.4,88.92,True,75.0,match
2473,82.433,89.05,True,75.0,match
2474,82.467,89.20,True,75.0,match
2475,82.5,88.25,True,75.0,match
2476,82.533,88.80,True,75.0,match
2477,82.567,88.12,True,75.0,match
2478,82.6,87.26,True,75.0,match
2479,82.633,88.18,True,75.0,match
2480,82.667,88.87,True,75.0,match
2481,82.7,88.65,True,75.0,match
2482,82.733,88.04,True,75.0,match
2483,82.767,88.04,True,75.0,match
2484,82.8,88.04,True,75.0,match
2485,82.833,87.76,True,75.0,match
2486,82.867,89.15,True,75.0,match
2487,82.9,88.36,True,75.0,match
2488,82.933,88.08,True,75.0,match
2489,82.967,87.68,True,75.0,match
2490,83.0,89.99,True,75.0,match
2491,83.033,88.01,True,75.0,match
2492,83.067,90.20,True,75.0,match
2493,83.1,88.42,True,75.0,match
2494,83.133,89.30,True,75.0,match
2495,83.167,89.91,True,75.0,match
2496,83.2,88.30,True,75.0,match
2497,83.233,88.02,True,75.0,match
2498,83.267,87.90,True,75.0,match
2499,83.3,87.65,True,75.0,match
2500,83.333,88.34,True,75.0,match
2501,83.367,87.31,True,75.0,match
2502,83.4,87.20,True,75.0,match
2503,83.433,87.21,True,75.0,match
2504,83.467,87.21,True,75.0,match
2505,83.5,88.13,True,75.0,match
2506,83.533,87.84,True,75.0,match
2507,83.567,87.09,True,75.0,match
2508,83.6,87.38,True,75.0,match
2509,83.633,87.34,True,75.0,match
2510,83.667,88.02,True,75.0,match
2511,83.7,87.46,True,75.0,match
2512,83.733,88.43,True,75.0,match
2513,83.767,88.59,True,75.0,match
2514,83.8,86.58,True,75.0,match
2515,83.833,87.37,True,75.0,match
2516,83.867,88.69,True,75.0,match
2517,83.9,88.55,True,75.0,match
2518,83.933,89.20,True,75.0,match
2519,83.967,88.94,True,75.0,match
2520,84.0,87.98,True,75.0,match
2521,84.033,88.98,True,75.0,match
2522,84.067,88.49,True,75.0,match
2523,84.1,86.92,True,75.0,match
2524,84.133,87.25,True,75.0,match
2525,84.167,88.25,True,75.0,match
2526,84.2,87.38,True,75.0,match
2527,84.233,88.03,True,75.0,match
2528,84.267,87.99,True,75.0,match
2529,84.3,87.45,True,75.0,match
2530,84.333,87.35,True,75.0,match
2531,84.367,86.66,True,75.0,match
2532,84.4,86.89,True,75.0,match
2533,84.433,86.89,True,75.0,match
2534,84.467,86.42,True,75.0,match
2535,84.5,87.33,True,75.0,match
2536,84.533,87.34,True,75.0,match
2537,84.567,87.46,True,75.0,match
2538,84.6,87.50,True,75.0,match
2539,84.633,87.65,True,75.0,match
2540,84.667,87.39,True,75.0,match
2541,84.7,87.97,True,75.0,match
2542,84.733,87.97,True,75.0,match
2543,84.767,88.65,True,75.0,match
2544,84.8,88.84,True,75.0,match
2545,84.833,87.55,True,75.0,match
2546,84.867,87.76,True,75.0,match
2547,84.9,88.37,True,75.0,match
2548,84.933,87.74,True,75.0,match
2549,84.967,87.66,True,75.0,match
2550,85.0,88.78,True,75.0,match
2551,85.033,88.78,True,75.0,match
2552,85.067,88.65,True,75.0,match
2553,85.1,89.47,True,75.0,match
2554,85.133,89.29,True,75.0,match
2555,85.167,89.54,True,75.0,match
2556,85.2,89.34,True,75.0,match
2557,85.233,89.65,True,75.0,match
2558,85.267,89.65,True,75.0,match
2559,85.3,89.62,True,75.0,match
2560,85.333,89.77,True,75.0,match
2561,85.367,89.35,True,75.0,match
2562,85.4,89.35,True,75.0,match
2563,85.433,86.71,True,75.0,match
2564,85.467,88.81,True,75.0,match
2565,85.5,88.81,True,75.0,match
2566,85.533,89.31,True,75.0,match
2567,85.567,89.31,True,75.0,match
2568,85.6,88.38,True,75.0,match
2569,85.633,88.92,True,75.0,match
2570,85.667,88.35,True,75.0,match
2571,85.7,87.69,True,75.0,match
2572,85.733,87.43,True,75.0,match
2573,85.767,87.68,True,75.0,match
2574,85.8,88.47,True,75.0,match
2575,85.833,88.69,True,75.0,match
2576,85.867,88.51,True,75.0,match
2577,85.9,88.30,True,75.0,match
2578,85.933,88.32,True,75.0,match
2579,85.967,88.52,True,75.0,match
2580,86.0,88.22,True,75.0,match
2581,86.033,88.07,True,75.0,match
2582,86.067,88.13,True,75.0,match
2583,86.1,87.99,True,75.0,match
2584,86.133,,,75.0,no_face
2585,86.167,,,75.0,no_face
2586,86.2,,,75.0,no_face
2587,86.233,,,75.0,no_face
2588,86.267,,,75.0,no_face
2589,86.3,,,75.0,no_face
2590,86.333,,,75.0,no_face
2591,86.367,84.29,True,75.0,match
2592,86.4,84.44,True,75.0,match
2593,86.433,83.75,True,75.0,match
2594,86.467,84.00,True,75.0,match
2595,86.5,83.42,True,75.0,match
2596,86.533,83.80,True,75.0,match
2597,86.567,85.35,True,75.0,match
2598,86.6,84.92,True,75.0,match
2599,86.633,84.37,True,75.0,match
2600,86.667,85.41,True,75.0,match
2601,86.7,84.43,True,75.0,match
2602,86.733,84.73,True,75.0,match
2603,86.767,84.68,True,75.0,match
2604,86.8,85.21,True,75.0,match
2605,86.833,85.14,True,75.0,match
2606,86.867,85.85,True,75.0,match
2607,86.9,85.97,True,75.0,match
2608,86.933,86.10,True,75.0,match
2609,86.967,87.00,True,75.0,match
2610,87.0,86.07,True,75.0,match
2611,87.033,86.11,True,75.0,match
2612,87.067,85.11,True,75.0,match
2613,87.1,85.88,True,75.0,match
2614,87.133,85.88,True,75.0,match
2615,87.167,86.09,True,75.0,match
2616,87.2,86.12,True,75.0,match
2617,87.233,86.80,True,75.0,match
2618,87.267,84.75,True,75.0,match
2619,87.3,85.49,True,75.0,match
2620,87.333,85.33,True,75.0,match
2621,87.367,86.02,True,75.0,match
2622,87.4,83.41,True,75.0,match
2623,87.433,85.26,True,75.0,match
2624,87.467,79.06,True,75.0,match
2625,87.5,79.06,True,75.0,match
2626,87.533,82.44,True,75.0,match
2627,87.567,85.56,True,75.0,match
2628,87.6,86.33,True,75.0,match
2629,87.633,85.18,True,75.0,match
2630,87.667,84.75,True,75.0,match
2631,87.7,85.69,True,75.0,match
2632,87.733,85.58,True,75.0,match
2633,87.767,86.36,True,75.0,match
2634,87.8,86.36,True,75.0,match
2635,87.833,86.44,True,75.0,match
2636,87.867,86.52,True,75.0,match
2637,87.9,,,75.0,no_face
2638,87.933,,,75.0,no_face
2639,87.967,,,75.0,no_face
2640,88.0,,,75.0,no_face
2641,88.033,,,75.0,no_face
2642,88.067,,,75.0,no_face
2643,88.1,,,75.0,no_face
2644,88.133,,,75.0,no_face
2645,88.167,,,75.0,no_face
2646,88.2,,,75.0,no_face
2647,88.233,,,75.0,no_face
2648,88.267,,,75.0,no_face
2649,88.3,,,75.0,no_face
2650,88.333,,,75.0,no_face
2651,88.367,,,75.0,no_face
2652,88.4,,,75.0,no_face
2653,88.433,,,75.0,no_face
2654,88.467,,,75.0,no_face
2655,88.5,,,75.0,no_face
2656,88.533,,,75.0,no_face
2657,88.567,,,75.0,no_face
2658,88.6,,,75.0,no_face
2659,88.633,,,75.0,no_face
2660,88.667,,,75.0,no_face
2661,88.7,,,75.0,no_face
2662,88.733,82.99,True,75.0,match
2663,88.767,83.11,True,75.0,match
2664,88.8,83.44,True,75.0,match
2665,88.833,83.21,True,75.0,match
2666,88.867,83.09,True,75.0,match
2667,88.9,84.11,True,75.0,match
2668,88.933,84.47,True,75.0,match
2669,88.967,86.54,True,75.0,match
2670,89.0,85.63,True,75.0,match
2671,89.033,87.05,True,75.0,match
2672,89.067,87.05,True,75.0,match
2673,89.1,87.36,True,75.0,match
2674,89.133,86.24,True,75.0,match
2675,89.167,85.97,True,75.0,match
2676,89.2,87.78,True,75.0,match
2677,89.233,86.82,True,75.0,match
2678,89.267,,,75.0,no_face
2679,89.3,,,75.0,no_face
2680,89.333,,,75.0,no_face
2681,89.367,85.77,True,75.0,match
2682,89.4,86.01,True,75.0,match
2683,89.433,,,75.0,no_face
2684,89.467,,,75.0,no_face
2685,89.5,87.79,True,75.0,match
2686,89.533,87.15,True,75.0,match
2687,89.567,,,75.0,no_face
2688,89.6,,,75.0,no_face
2689,89.633,,,75.0,no_face
2690,89.667,,,75.0,no_face
2691,89.7,,,75.0,no_face
2692,89.733,,,75.0,no_face
2693,89.767,,,75.0,no_face
2694,89.8,,,75.0,no_face
2695,89.833,,,75.0,no_face
2696,89.867,86.89,True,75.0,match
2697,89.9,86.10,True,75.0,match
2698,89.933,,,75.0,no_face
2699,89.967,86.77,True,75.0,match
2700,90.0,,,75.0,no_face
2701,90.033,86.60,True,75.0,match
2702,90.067,86.86,True,75.0,match
2703,90.1,85.19,True,75.0,match
2704,90.133,87.42,True,75.0,match
2705,90.167,85.03,True,75.0,match
2706,90.2,85.03,True,75.0,match
2707,90.233,,,75.0,no_face
2708,90.267,,,75.0,no_face
2709,90.3,86.59,True,75.0,match
2710,90.333,87.09,True,75.0,match
2711,90.367,,,75.0,no_face
2712,90.4,,,75.0,no_face
2713,90.433,,,75.0,no_face
2714,90.467,74.31,False,75.0,mismatch
2715,90.5,,,75.0,no_face
2716,90.533,77.84,True,75.0,match
2717,90.567,79.60,True,75.0,match
2718,90.6,80.62,True,75.0,match
2719,90.633,79.77,True,75.0,match
2720,90.667,79.75,True,75.0,match
2721,90.7,81.31,True,75.0,match
2722,90.733,81.57,True,75.0,match
2723,90.767,85.07,True,75.0,match
2724,90.8,84.65,True,75.0,match
2725,90.833,,,75.0,no_face
2726,90.867,,,75.0,no_face
2727,90.9,,,75.0,no_face
2728,90.933,,,75.0,no_face
2729,90.967,,,75.0,no_face
2730,91.0,69.37,False,75.0,mismatch
2731,91.033,68.31,False,75.0,mismatch
2732,91.067,,,75.0,no_face
2733,91.1,,,75.0,no_face
2734,91.133,85.51,True,75.0,match
2735,91.167,,,75.0,no_face
2736,91.2,,,75.0,no_face
2737,91.233,,,75.0,no_face
2738,91.267,62.92,False,75.0,mismatch
2739,91.3,59.47,False,75.0,mismatch
2740,91.333,,,75.0,no_face
2741,91.367,,,75.0,no_face
2742,91.4,60.61,False,75.0,mismatch
2743,91.433,63.76,False,75.0,mismatch
2744,91.467,62.57,False,75.0,mismatch
2745,91.5,62.03,False,75.0,mismatch
2746,91.533,71.20,False,75.0,mismatch
2747,91.567,83.57,True,75.0,match
2748,91.6,,,75.0,no_face
2749,91.633,,,75.0,no_face
2750,91.667,,,75.0,no_face
2751,91.7,,,75.0,no_face
2752,91.733,,,75.0,no_face
2753,91.767,,,75.0,no_face
2754,91.8,,,75.0,no_face
2755,91.833,,,75.0,no_face
2756,91.867,,,75.0,no_face
2757,91.9,,,75.0,no_face
2758,91.933,,,75.0,no_face
2759,91.967,,,75.0,no_face
2760,92.0,,,75.0,no_face
2761,92.033,,,75.0,no_face
2762,92.067,,,75.0,no_face
2763,92.1,,,75.0,no_face
2764,92.133,84.48,True,75.0,match
2765,92.167,84.11,True,75.0,match
2766,92.2,84.35,True,75.0,match
2767,92.233,86.73,True,75.0,match
2768,92.267,88.17,True,75.0,match
2769,92.3,88.05,True,75.0,match
2770,92.333,,,75.0,no_face
2771,92.367,83.91,True,75.0,match
2772,92.4,84.28,True,75.0,match
2773,92.433,84.28,True,75.0,match
2774,92.467,84.62,True,75.0,match
2775,92.5,82.11,True,75.0,match
2776,92.533,82.45,True,75.0,match
2777,92.567,81.37,True,75.0,match
2778,92.6,81.25,True,75.0,match
2779,92.633,78.04,True,75.0,match
2780,92.667,78.04,True,75.0,match
2781,92.7,80.37,True,75.0,match
2782,92.733,81.31,True,75.0,match
2783,92.767,79.84,True,75.0,match
2784,92.8,78.99,True,75.0,match
2785,92.833,79.09,True,75.0,match
2786,92.867,82.25,True,75.0,match
2787,92.9,83.13,True,75.0,match
2788,92.933,84.55,True,75.0,match
2789,92.967,84.83,True,75.0,match
2790,93.0,85.38,True,75.0,match
2791,93.033,85.38,True,75.0,match
2792,93.067,83.78,True,75.0,match
2793,93.1,84.81,True,75.0,match
2794,93.133,85.90,True,75.0,match
2795,93.167,83.88,True,75.0,match
2796,93.2,85.22,True,75.0,match
2797,93.233,84.10,True,75.0,match
2798,93.267,85.22,True,75.0,match
2799,93.3,85.68,True,75.0,match
2800,93.333,85.89,True,75.0,match
2801,93.367,85.45,True,75.0,match
2802,93.4,85.13,True,75.0,match
2803,93.433,85.10,True,75.0,match
2804,93.467,85.90,True,75.0,match
2805,93.5,84.96,True,75.0,match
2806,93.533,85.28,True,75.0,match
2807,93.567,85.28,True,75.0,match
2808,93.6,86.15,True,75.0,match
2809,93.633,84.68,True,75.0,match
2810,93.667,85.05,True,75.0,match
2811,93.7,85.25,True,75.0,match
2812,93.733,85.89,True,75.0,match
2813,93.767,84.73,True,75.0,match
2814,93.8,85.27,True,75.0,match
2815,93.833,86.38,True,75.0,match
2816,93.867,86.20,True,75.0,match
2817,93.9,84.19,True,75.0,match
2818,93.933,84.95,True,75.0,match
2819,93.967,84.39,True,75.0,match
2820,94.0,84.36,True,75.0,match
2821,94.033,84.49,True,75.0,match
2822,94.067,86.02,True,75.0,match
2823,94.1,85.49,True,75.0,match
2824,94.133,85.39,True,75.0,match
2825,94.167,85.93,True,75.0,match
2826,94.2,85.05,True,75.0,match
2827,94.233,85.03,True,75.0,match
2828,94.267,84.21,True,75.0,match
2829,94.3,84.76,True,75.0,match
2830,94.333,85.05,True,75.0,match
2831,94.367,85.04,True,75.0,match
2832,94.4,85.66,True,75.0,match
2833,94.433,87.95,True,75.0,match
2834,94.467,86.63,True,75.0,match
2835,94.5,84.74,True,75.0,match
2836,94.533,85.21,True,75.0,match
2837,94.567,85.49,True,75.0,match
2838,94.6,82.67,True,75.0,match
2839,94.633,83.21,True,75.0,match
2840,94.667,82.59,True,75.0,match
2841,94.7,83.49,True,75.0,match
2842,94.733,84.35,True,75.0,match
2843,94.767,84.35,True,75.0,match
2844,94.8,85.08,True,75.0,match
2845,94.833,86.51,True,75.0,match
2846,94.867,85.46,True,75.0,match
2847,94.9,85.80,True,75.0,match
2848,94.933,86.40,True,75.0,match
2849,94.967,85.06,True,75.0,match
2850,95.0,85.62,True,75.0,match
2851,95.033,85.88,True,75.0,match
2852,95.067,84.81,True,75.0,match
2853,95.1,85.16,True,75.0,match
2854,95.133,85.16,True,75.0,match
2855,95.167,85.12,True,75.0,match
2856,95.2,84.36,True,75.0,match
2857,95.233,84.84,True,75.0,match
2858,95.267,85.05,True,75.0,match
2859,95.3,84.83,True,75.0,match
2860,95.333,85.74,True,75.0,match
2861,95.367,85.73,True,75.0,match
2862,95.4,85.31,True,75.0,match
2863,95.433,85.31,True,75.0,match
2864,95.467,85.13,True,75.0,match
2865,95.5,85.13,True,75.0,match
2866,95.533,84.28,True,75.0,match
2867,95.567,84.75,True,75.0,match
2868,95.6,84.53,True,75.0,match
2869,95.633,87.56,True,75.0,match
2870,95.667,86.90,True,75.0,match
2871,95.7,86.23,True,75.0,match
2872,95.733,86.92,True,75.0,match
2873,95.767,87.31,True,75.0,match
2874,95.8,86.72,True,75.0,match
2875,95.833,86.37,True,75.0,match
2876,95.867,83.99,True,75.0,match
2877,95.9,83.44,True,75.0,match
2878,95.933,86.83,True,75.0,match
2879,95.967,87.95,True,75.0,match
2880,96.0,87.93,True,75.0,match
2881,96.033,88.06,True,75.0,match
2882,96.067,88.69,True,75.0,match
2883,96.1,88.05,True,75.0,match
2884,96.133,87.74,True,75.0,match
2885,96.167,87.45,True,75.0,match
2886,96.2,59.22,False,75.0,mismatch
2887,96.233,86.69,True,75.0,match
2888,96.267,62.39,False,75.0,mismatch
2889,96.3,86.21,True,75.0,match
2890,96.333,85.56,True,75.0,match
2891,96.367,86.53,True,75.0,match
2892,96.4,86.79,True,75.0,match
2893,96.433,85.03,True,75.0,match
2894,96.467,87.38,True,75.0,match
2895,96.5,85.95,True,75.0,match
2896,96.533,84.18,True,75.0,match
2897,96.567,84.68,True,75.0,match
2898,96.6,85.40,True,75.0,match
2899,96.633,85.40,True,75.0,match
2900,96.667,84.26,True,75.0,match
2901,96.7,84.89,True,75.0,match
2902,96.733,76.76,True,75.0,match
2903,96.767,86.04,True,75.0,match
2904,96.8,86.22,True,75.0,match
2905,96.833,84.77,True,75.0,match
2906,96.867,84.99,True,75.0,match
2907,96.9,84.20,True,75.0,match
2908,96.933,84.15,True,75.0,match
2909,96.967,84.61,True,75.0,match
2910,97.0,85.26,True,75.0,match
2911,97.033,85.07,True,75.0,match
2912,97.067,84.56,True,75.0,match
2913,97.1,84.82,True,75.0,match
2914,97.133,85.48,True,75.0,match
2915,97.167,84.83,True,75.0,match
2916,97.2,86.65,True,75.0,match
2917,97.233,86.65,True,75.0,match
2918,97.267,69.44,False,75.0,mismatch
2919,97.3,66.78,False,75.0,mismatch
2920,97.333,66.47,False,75.0,mismatch
2921,97.367,77.22,True,75.0,match
2922,97.4,78.00,True,75.0,match
2923,97.433,81.07,True,75.0,match
2924,97.467,80.33,True,75.0,match
2925,97.5,85.72,True,75.0,match
2926,97.533,86.48,True,75.0,match
2927,97.567,85.99,True,75.0,match
2928,97.6,83.71,True,75.0,match
2929,97.633,85.54,True,75.0,match
2930,97.667,85.36,True,75.0,match
2931,97.7,85.26,True,75.0,match
2932,97.733,77.79,True,75.0,match
2933,97.767,78.58,True,75.0,match
2934,97.8,78.92,True,75.0,match
2935,97.833,78.92,True,75.0,match
2936,97.867,79.86,True,75.0,match
2937,97.9,78.16,True,75.0,match
2938,97.933,84.18,True,75.0,match
2939,97.967,84.28,True,75.0,match
2940,98.0,83.87,True,75.0,match
2941,98.033,76.72,True,75.0,match
2942,98.067,76.88,True,75.0,match
2943,98.1,66.97,False,75.0,mismatch
2944,98.133,79.08,True,75.0,match
2945,98.167,78.05,True,75.0,match
2946,98.2,78.05,True,75.0,match
2947,98.233,80.76,True,75.0,match
2948,98.267,82.54,True,75.0,match
2949,98.3,68.14,False,75.0,mismatch
2950,98.333,84.26,True,75.0,match
2951,98.367,83.69,True,75.0,match
2952,98.4,84.78,True,75.0,match
2953,98.433,84.09,True,75.0,match
2954,98.467,84.54,True,75.0,match
2955,98.5,84.01,True,75.0,match
2956,98.533,84.25,True,75.0,match
2957,98.567,83.63,True,75.0,match
2958,98.6,83.01,True,75.0,match
2959,98.633,60.80,False,75.0,mismatch
2960,98.667,61.11,False,75.0,mismatch
2961,98.7,59.47,False,75.0,mismatch
2962,98.733,59.47,False,75.0,mismatch
2963,98.767,67.69,False,75.0,mismatch
2964,98.8,64.43,False,75.0,mismatch
2965,98.833,62.89,False,75.0,mismatch
2966,98.867,81.88,True,75.0,match
2967,98.9,82.36,True,75.0,match
2968,98.933,59.52,False,75.0,mismatch
2969,98.967,60.81,False,75.0,mismatch
2970,99.0,59.44,False,75.0,mismatch
2971,99.033,59.44,False,75.0,mismatch
2972,99.067,81.95,True,75.0,match
2973,99.1,81.95,True,75.0,match
2974,99.133,81.64,True,75.0,match
2975,99.167,81.79,True,75.0,match
2976,99.2,80.22,True,75.0,match
2977,99.233,80.30,True,75.0,match
2978,99.267,78.17,True,75.0,match
2979,99.3,59.22,False,75.0,mismatch
2980,99.333,60.72,False,75.0,mismatch
2981,99.367,58.14,False,75.0,mismatch
2982,99.4,58.14,False,75.0,mismatch
2983,99.433,,,75.0,no_face
2984,99.467,,,75.0,no_face
2985,99.5,,,75.0,no_face
2986,99.533,,,75.0,no_face
2987,99.567,,,75.0,no_face
2988,99.6,,,75.0,no_face
2989,99.633,65.99,False,75.0,mismatch
2990,99.667,71.28,False,75.0,mismatch
2991,99.7,65.87,False,75.0,mismatch
2992,99.733,65.87,False,75.0,mismatch
2993,99.767,64.51,False,75.0,mismatch
2994,99.8,62.78,False,75.0,mismatch
2995,99.833,58.82,False,75.0,mismatch
2996,99.867,58.96,False,75.0,mismatch
2997,99.9,66.78,False,75.0,mismatch
2998,99.933,64.99,False,75.0,mismatch
2999,99.967,81.16,True,75.0,match
3000,100.0,82.84,True,75.0,match
3001,100.033,,,75.0,no_face
3002,100.067,,,75.0,no_face
3003,100.1,,,75.0,no_face
3004,100.133,81.01,True,75.0,match
3005,100.167,80.67,True,75.0,match
3006,100.2,84.64,True,75.0,match
3007,100.233,85.77,True,75.0,match
3008,100.267,62.90,False,75.0,mismatch
3009,100.3,73.59,False,75.0,mismatch
3010,100.333,68.87,False,75.0,mismatch
3011,100.367,,,75.0,no_face
3012,100.4,75.69,True,75.0,match
3013,100.433,,,75.0,no_face
3014,100.467,,,75.0,no_face
3015,100.5,,,75.0,no_face
3016,100.533,,,75.0,no_face
3017,100.567,,,75.0,no_face
3018,100.6,,,75.0,no_face
3019,100.633,67.35,False,75.0,mismatch
3020,100.667,67.72,False,75.0,mismatch
3021,100.7,,,75.0,no_face
3022,100.733,,,75.0,no_face
3023,100.767,,,75.0,no_face
3024,100.8,,,75.0,no_face
3025,100.833,,,75.0,no_face
3026,100.867,,,75.0,no_face
3027,100.9,,,75.0,no_face
3028,100.933,,,75.0,no_face
3029,100.967,,,75.0,no_face
3030,101.0,,,75.0,no_face
3031,101.033,,,75.0,no_face
3032,101.067,,,75.0,no_face
3033,101.1,,,75.0,no_face
3034,101.133,,,75.0,no_face
3035,101.167,,,75.0,no_face
3036,101.2,,,75.0,no_face
3037,101.233,,,75.0,no_face
3038,101.267,,,75.0,no_face
3039,101.3,,,75.0,no_face
3040,101.333,,,75.0,no_face
3041,101.367,,,75.0,no_face
3042,101.4,,,75.0,no_face
3043,101.433,,,75.0,no_face
3044,101.467,,,75.0,no_face
3045,101.5,,,75.0,no_face
3046,101.533,,,75.0,no_face
3047,101.567,,,75.0,no_face
3048,101.6,,,75.0,no_face
3049,101.633,,,75.0,no_face
3050,101.667,,,75.0,no_face
3051,101.7,,,75.0,no_face
3052,101.733,,,75.0,no_face
3053,101.767,,,75.0,no_face
3054,101.8,,,75.0,no_face
3055,101.833,,,75.0,no_face
3056,101.867,,,75.0,no_face
3057,101.9,,,75.0,no_face
3058,101.933,,,75.0,no_face
3059,101.967,,,75.0,no_face
3060,102.0,,,75.0,no_face
3061,102.033,,,75.0,no_face
3062,102.067,,,75.0,no_face
3063,102.1,,,75.0,no_face
3064,102.133,,,75.0,no_face
3065,102.167,,,75.0,no_face
3066,102.2,,,75.0,no_face
3067,102.233,,,75.0,no_face
3068,102.267,,,75.0,no_face
3069,102.3,,,75.0,no_face
3070,102.333,,,75.0,no_face
3071,102.367,,,75.0,no_face
3072,102.4,,,75.0,no_face
3073,102.433,,,75.0,no_face
3074,102.467,,,75.0,no_face
3075,102.5,,,75.0,no_face
3076,102.533,,,75.0,no_face
3077,102.567,,,75.0,no_face
3078,102.6,,,75.0,no_face
3079,102.633,,,75.0,no_face
3080,102.667,,,75.0,no_face
3081,102.7,,,75.0,no_face
3082,102.733,,,75.0,no_face
3083,102.767,,,75.0,no_face
3084,102.8,,,75.0,no_face
3085,102.833,,,75.0,no_face
3086,102.867,,,75.0,no_face
3087,102.9,,,75.0,no_face
3088,102.933,,,75.0,no_face
3089,102.967,,,75.0,no_face
3090,103.0,,,75.0,no_face
3091,103.033,,,75.0,no_face
3092,103.067,,,75.0,no_face
3093,103.1,,,75.0,no_face
3094,103.133,,,75.0,no_face
3095,103.167,,,75.0,no_face
3096,103.2,,,75.0,no_face
3097,103.233,,,75.0,no_face
3098,103.267,,,75.0,no_face
3099,103.3,,,75.0,no_face
3100,103.333,,,75.0,no_face
3101,103.367,,,75.0,no_face
3102,103.4,,,75.0,no_face
3103,103.433,,,75.0,no_face
3104,103.467,,,75.0,no_face
3105,103.5,,,75.0,no_face
3106,103.533,,,75.0,no_face
3107,103.567,,,75.0,no_face
3108,103.6,,,75.0,no_face
3109,103.633,,,75.0,no_face
3110,103.667,,,75.0,no_face
3111,103.7,,,75.0,no_face
3112,103.733,,,75.0,no_face
3113,103.767,,,75.0,no_face
3114,103.8,,,75.0,no_face
3115,103.833,,,75.0,no_face
3116,103.867,,,75.0,no_face
3117,103.9,,,75.0,no_face
3118,103.933,,,75.0,no_face
3119,103.967,,,75.0,no_face
3120,104.0,,,75.0,no_face
3121,104.033,,,75.0,no_face
3122,104.067,,,75.0,no_face
3123,104.1,,,75.0,no_face
3124,104.133,,,75.0,no_face
3125,104.167,,,75.0,no_face
3126,104.2,,,75.0,no_face
3127,104.233,,,75.0,no_face
3128,104.267,,,75.0,no_face
3129,104.3,,,75.0,no_face
3130,104.333,,,75.0,no_face
3131,104.367,,,75.0,no_face
3132,104.4,,,75.0,no_face
3133,104.433,,,75.0,no_face
3134,104.467,,,75.0,no_face
3135,104.5,,,75.0,no_face
3136,104.533,,,75.0,no_face
3137,104.567,,,75.0,no_face
3138,104.6,,,75.0,no_face
3139,104.633,,,75.0,no_face
3140,104.667,,,75.0,no_face
3141,104.7,,,75.0,no_face
3142,104.733,,,75.0,no_face
3143,104.767,,,75.0,no_face
3144,104.8,,,75.0,no_face
3145,104.833,,,75.0,no_face
3146,104.867,,,75.0,no_face
3147,104.9,,,75.0,no_face
3148,104.933,,,75.0,no_face
3149,104.967,,,75.0,no_face
3150,105.0,,,75.0,no_face
3151,105.033,,,75.0,no_face
3152,105.067,,,75.0,no_face
3153,105.1,,,75.0,no_face
3154,105.133,,,75.0,no_face
3155,105.167,,,75.0,no_face
3156,105.2,,,75.0,no_face
3157,105.233,,,75.0,no_face
3158,105.267,,,75.0,no_face
3159,105.3,,,75.0,no_face
3160,105.333,,,75.0,no_face
3161,105.367,,,75.0,no_face
3162,105.4,,,75.0,no_face
3163,105.433,,,75.0,no_face
3164,105.467,,,75.0,no_face
3165,105.5,,,75.0,no_face
3166,105.533,,,75.0,no_face
3167,105.567,,,75.0,no_face
3168,105.6,,,75.0,no_face
3169,105.633,,,75.0,no_face
3170,105.667,,,75.0,no_face
3171,105.7,,,75.0,no_face
3172,105.733,,,75.0,no_face
3173,105.767,,,75.0,no_face
3174,105.8,,,75.0,no_face
3175,105.833,,,75.0,no_face
3176,105.867,,,75.0,no_face
3177,105.9,,,75.0,no_face
3178,105.933,,,75.0,no_face
3179,105.967,,,75.0,no_face
3180,106.0,,,75.0,no_face
3181,106.033,,,75.0,no_face
3182,106.067,,,75.0,no_face
3183,106.1,,,75.0,no_face
3184,106.133,,,75.0,no_face
3185,106.167,,,75.0,no_face
3186,106.2,,,75.0,no_face
3187,106.233,,,75.0,no_face
3188,106.267,,,75.0,no_face
3189,106.3,,,75.0,no_face
3190,106.333,,,75.0,no_face
3191,106.367,,,75.0,no_face
3192,106.4,,,75.0,no_face
3193,106.433,,,75.0,no_face
3194,106.467,,,75.0,no_face
3195,106.5,,,75.0,no_face
3196,106.533,,,75.0,no_face
3197,106.567,,,75.0,no_face
3198,106.6,,,75.0,no_face
3199,106.633,,,75.0,no_face
3200,106.667,,,75.0,no_face
3201,106.7,,,75.0,no_face
3202,106.733,,,75.0,no_face
3203,106.767,,,75.0,no_face
3204,106.8,,,75.0,no_face
3205,106.833,,,75.0,no_face
3206,106.867,,,75.0,no_face
3207,106.9,,,75.0,no_face
3208,106.933,,,75.0,no_face
3209,106.967,,,75.0,no_face
3210,107.0,,,75.0,no_face
3211,107.033,,,75.0,no_face
3212,107.067,,,75.0,no_face
3213,107.1,,,75.0,no_face
3214,107.133,,,75.0,no_face
3215,107.167,,,75.0,no_face
3216,107.2,,,75.0,no_face
3217,107.233,,,75.0,no_face
3218,107.267,,,75.0,no_face
3219,107.3,,,75.0,no_face
3220,107.333,,,75.0,no_face
3221,107.367,,,75.0,no_face
3222,107.4,,,75.0,no_face
3223,107.433,,,75.0,no_face
3224,107.467,,,75.0,no_face
3225,107.5,,,75.0,no_face
3226,107.533,,,75.0,no_face
3227,107.567,,,75.0,no_face
3228,107.6,,,75.0,no_face
3229,107.633,,,75.0,no_face
3230,107.667,,,75.0,no_face
3231,107.7,,,75.0,no_face
3232,107.733,,,75.0,no_face
3233,107.767,,,75.0,no_face
3234,107.8,,,75.0,no_face
3235,107.833,,,75.0,no_face
3236,107.867,,,75.0,no_face
3237,107.9,,,75.0,no_face
3238,107.933,,,75.0,no_face
3239,107.967,,,75.0,no_face
3240,108.0,,,75.0,no_face
3241,108.033,,,75.0,no_face
3242,108.067,,,75.0,no_face
3243,108.1,,,75.0,no_face
3244,108.133,,,75.0,no_face
3245,108.167,,,75.0,no_face
3246,108.2,,,75.0,no_face
3247,108.233,,,75.0,no_face
3248,108.267,,,75.0,no_face
3249,108.3,,,75.0,no_face
3250,108.333,,,75.0,no_face
3251,108.367,,,75.0,no_face
3252,108.4,,,75.0,no_face
3253,108.433,,,75.0,no_face
3254,108.467,,,75.0,no_face
3255,108.5,,,75.0,no_face
3256,108.533,,,75.0,no_face
3257,108.567,,,75.0,no_face
3258,108.6,,,75.0,no_face
3259,108.633,,,75.0,no_face
3260,108.667,,,75.0,no_face
3261,108.7,,,75.0,no_face
3262,108.733,,,75.0,no_face
3263,108.767,,,75.0,no_face
3264,108.8,,,75.0,no_face
3265,108.833,,,75.0,no_face
3266,108.867,,,75.0,no_face
3267,108.9,,,75.0,no_face
3268,108.933,,,75.0,no_face
3269,108.967,,,75.0,no_face
3270,109.0,,,75.0,no_face
3271,109.033,,,75.0,no_face
3272,109.067,,,75.0,no_face
3273,109.1,,,75.0,no_face
3274,109.133,,,75.0,no_face
3275,109.167,,,75.0,no_face
3276,109.2,,,75.0,no_face
3277,109.233,,,75.0,no_face
3278,109.267,,,75.0,no_face
3279,109.3,,,75.0,no_face
3280,109.333,,,75.0,no_face
3281,109.367,,,75.0,no_face
3282,109.4,,,75.0,no_face
3283,109.433,,,75.0,no_face
3284,109.467,,,75.0,no_face
3285,109.5,,,75.0,no_face
3286,109.533,,,75.0,no_face
3287,109.567,,,75.0,no_face
3288,109.6,,,75.0,no_face
3289,109.633,,,75.0,no_face
3290,109.667,,,75.0,no_face
3291,109.7,,,75.0,no_face
3292,109.733,,,75.0,no_face
3293,109.767,,,75.0,no_face
3294,109.8,,,75.0,no_face
3295,109.833,,,75.0,no_face
3296,109.867,,,75.0,no_face
3297,109.9,,,75.0,no_face
3298,109.933,,,75.0,no_face
3299,109.967,,,75.0,no_face
3300,110.0,,,75.0,no_face
3301,110.033,,,75.0,no_face
3302,110.067,68.70,False,75.0,mismatch
3303,110.1,69.14,False,75.0,mismatch
3304,110.133,69.24,False,75.0,mismatch
3305,110.167,65.51,False,75.0,mismatch
3306,110.2,71.35,False,75.0,mismatch
3307,110.233,70.38,False,75.0,mismatch
3308,110.267,69.83,False,75.0,mismatch
3309,110.3,70.44,False,75.0,mismatch
3310,110.333,72.69,False,75.0,mismatch
3311,110.367,73.12,False,75.0,mismatch
3312,110.4,72.40,False,75.0,mismatch
3313,110.433,74.44,False,75.0,mismatch
3314,110.467,74.50,False,75.0,mismatch
3315,110.5,75.31,True,75.0,match
3316,110.533,73.84,False,75.0,mismatch
3317,110.567,78.08,True,75.0,match
3318,110.6,78.28,True,75.0,match
3319,110.633,77.92,True,75.0,match
3320,110.667,80.33,True,75.0,match
3321,110.7,80.19,True,75.0,match
3322,110.733,82.40,True,75.0,match
3323,110.767,82.40,True,75.0,match
3324,110.8,82.48,True,75.0,match
3325,110.833,82.26,True,75.0,match
3326,110.867,84.38,True,75.0,match
3327,110.9,85.32,True,75.0,match
3328,110.933,85.37,True,75.0,match
3329,110.967,83.17,True,75.0,match
3330,111.0,83.17,True,75.0,match
3331,111.033,82.92,True,75.0,match
3332,111.067,82.76,True,75.0,match
3333,111.1,84.93,True,75.0,match
3334,111.133,84.84,True,75.0,match
3335,111.167,85.15,True,75.0,match
3336,111.2,83.46,True,75.0,match
3337,111.233,83.46,True,75.0,match
3338,111.267,83.52,True,75.0,match
3339,111.3,84.72,True,75.0,match
3340,111.333,82.01,True,75.0,match
3341,111.367,82.72,True,75.0,match
3342,111.4,83.10,True,75.0,match
3343,111.433,82.78,True,75.0,match
3344,111.467,83.52,True,75.0,match
3345,111.5,83.91,True,75.0,match
3346,111.533,82.53,True,75.0,match
3347,111.567,84.20,True,75.0,match
3348,111.6,84.52,True,75.0,match
3349,111.633,81.65,True,75.0,match
3350,111.667,82.08,True,75.0,match
3351,111.7,63.10,False,75.0,mismatch
3352,111.733,62.98,False,75.0,mismatch
3353,111.767,77.91,True,75.0,match
3354,111.8,79.81,True,75.0,match
3355,111.833,82.22,True,75.0,match
3356,111.867,85.85,True,75.0,match
3357,111.9,84.89,True,75.0,match
3358,111.933,61.81,False,75.0,mismatch
3359,111.967,62.29,False,75.0,mismatch
3360,112.0,63.86,False,75.0,mismatch
3361,112.033,84.70,True,75.0,match
3362,112.067,61.13,False,75.0,mismatch
3363,112.1,62.58,False,75.0,mismatch
3364,112.133,65.61,False,75.0,mismatch
3365,112.167,66.02,False,75.0,mismatch
3366,112.2,64.25,False,75.0,mismatch
3367,112.233,65.36,False,75.0,mismatch
3368,112.267,64.51,False,75.0,mismatch
3369,112.3,,,75.0,no_face
3370,112.333,,,75.0,no_face
3371,112.367,,,75.0,no_face
3372,112.4,,,75.0,no_face
3373,112.433,,,75.0,no_face
3374,112.467,,,75.0,no_face
3375,112.5,,,75.0,no_face
3376,112.533,,,75.0,no_face
3377,112.567,,,75.0,no_face
3378,112.6,83.19,True,75.0,match
3379,112.633,82.50,True,75.0,match
3380,112.667,82.27,True,75.0,match
3381,112.7,81.52,True,75.0,match
3382,112.733,83.23,True,75.0,match
3383,112.767,83.58,True,75.0,match
3384,112.8,83.74,True,75.0,match
3385,112.833,82.95,True,75.0,match
3386,112.867,82.94,True,75.0,match
3387,112.9,83.25,True,75.0,match
3388,112.933,83.22,True,75.0,match
3389,112.967,83.64,True,75.0,match
3390,113.0,83.64,True,75.0,match
3391,113.033,85.08,True,75.0,match
