frame,time_sec,similarity_pct,is_match,threshold,status
1,0.033,,,75.0,no_face
2,0.067,66.28,False,75.0,mismatch
3,0.1,66.46,False,75.0,mismatch
4,0.133,65.05,False,75.0,mismatch
5,0.167,65.05,False,75.0,mismatch
6,0.2,65.55,False,75.0,mismatch
7,0.233,65.22,False,75.0,mismatch
8,0.267,63.43,False,75.0,mismatch
9,0.3,64.32,False,75.0,mismatch
10,0.333,,,75.0,no_face
11,0.367,,,75.0,no_face
12,0.4,,,75.0,no_face
13,0.433,,,75.0,no_face
14,0.467,64.38,False,75.0,mismatch
15,0.5,64.91,False,75.0,mismatch
16,0.533,64.85,False,75.0,mismatch
17,0.567,66.07,False,75.0,mismatch
18,0.6,66.55,False,75.0,mismatch
19,0.633,65.91,False,75.0,mismatch
20,0.667,66.79,False,75.0,mismatch
21,0.7,65.98,False,75.0,mismatch
22,0.733,65.63,False,75.0,mismatch
23,0.767,63.30,False,75.0,mismatch
24,0.8,,,75.0,no_face
25,0.833,,,75.0,no_face
26,0.867,,,75.0,no_face
27,0.9,,,75.0,no_face
28,0.933,,,75.0,no_face
29,0.967,,,75.0,no_face
30,1.0,,,75.0,no_face
31,1.033,,,75.0,no_face
32,1.067,,,75.0,no_face
33,1.1,,,75.0,no_face
34,1.133,,,75.0,no_face
35,1.167,,,75.0,no_face
36,1.2,,,75.0,no_face
37,1.233,,,75.0,no_face
38,1.267,,,75.0,no_face
39,1.3,,,75.0,no_face
40,1.333,,,75.0,no_face
41,1.367,,,75.0,no_face
42,1.4,,,75.0,no_face
43,1.433,,,75.0,no_face
44,1.467,,,75.0,no_face
45,1.5,,,75.0,no_face
46,1.533,,,75.0,no_face
47,1.567,,,75.0,no_face
48,1.6,,,75.0,no_face
49,1.633,,,75.0,no_face
50,1.667,,,75.0,no_face
51,1.7,,,75.0,no_face
52,1.733,,,75.0,no_face
53,1.767,,,75.0,no_face
54,1.8,,,75.0,no_face
55,1.833,,,75.0,no_face
56,1.867,,,75.0,no_face
57,1.9,,,75.0,no_face
58,1.933,,,75.0,no_face
59,1.967,,,75.0,no_face
60,2.0,,,75.0,no_face
61,2.033,,,75.0,no_face
62,2.067,,,75.0,no_face
63,2.1,,,75.0,no_face
64,2.133,,,75.0,no_face
65,2.167,,,75.0,no_face
66,2.2,,,75.0,no_face
67,2.233,,,75.0,no_face
68,2.267,,,75.0,no_face
69,2.3,,,75.0,no_face
70,2.333,,,75.0,no_face
71,2.367,,,75.0,no_face
72,2.4,,,75.0,no_face
73,2.433,,,75.0,no_face
74,2.467,,,75.0,no_face
75,2.5,,,75.0,no_face
76,2.533,,,75.0,no_face
77,2.567,,,75.0,no_face
78,2.6,,,75.0,no_face
79,2.633,,,75.0,no_face
80,2.667,,,75.0,no_face
81,2.7,,,75.0,no_face
82,2.733,,,75.0,no_face
83,2.767,,,75.0,no_face
84,2.8,,,75.0,no_face
85,2.833,,,75.0,no_face
86,2.867,,,75.0,no_face
87,2.9,64.97,False,75.0,mismatch
88,2.933,63.00,False,75.0,mismatch
89,2.967,63.50,False,75.0,mismatch
90,3.0,63.51,False,75.0,mismatch
91,3.033,65.69,False,75.0,mismatch
92,3.067,64.85,False,75.0,mismatch
93,3.1,65.10,False,75.0,mismatch
94,3.133,65.66,False,75.0,mismatch
95,3.167,65.43,False,75.0,mismatch
96,3.2,62.14,False,75.0,mismatch
97,3.233,63.01,False,75.0,mismatch
98,3.267,64.29,False,75.0,mismatch
99,3.3,63.95,False,75.0,mismatch
100,3.333,63.87,False,75.0,mismatch
101,3.367,64.51,False,75.0,mismatch
102,3.4,61.72,False,75.0,mismatch
103,3.433,61.72,False,75.0,mismatch
104,3.467,62.37,False,75.0,mismatch
105,3.5,63.40,False,75.0,mismatch
106,3.533,63.44,False,75.0,mismatch
107,3.567,,,75.0,no_face
108,3.6,,,75.0,no_face
109,3.633,,,75.0,no_face
110,3.667,,,75.0,no_face
111,3.7,,,75.0,no_face
112,3.733,,,75.0,no_face
113,3.767,,,75.0,no_face
114,3.8,,,75.0,no_face
115,3.833,,,75.0,no_face
116,3.867,,,75.0,no_face
117,3.9,,,75.0,no_face
118,3.933,,,75.0,no_face
119,3.967,,,75.0,no_face
120,4.0,,,75.0,no_face
121,4.033,,,75.0,no_face
122,4.067,,,75.0,no_face
123,4.1,,,75.0,no_face
124,4.133,,,75.0,no_face
125,4.167,,,75.0,no_face
126,4.2,,,75.0,no_face
127,4.233,,,75.0,no_face
128,4.267,,,75.0,no_face
129,4.3,,,75.0,no_face
130,4.333,,,75.0,no_face
131,4.367,,,75.0,no_face
132,4.4,,,75.0,no_face
133,4.433,,,75.0,no_face
134,4.467,,,75.0,no_face
135,4.5,,,75.0,no_face
136,4.533,,,75.0,no_face
137,4.567,,,75.0,no_face
138,4.6,,,75.0,no_face
139,4.633,,,75.0,no_face
140,4.667,,,75.0,no_face
141,4.7,,,75.0,no_face
142,4.733,,,75.0,no_face
143,4.767,,,75.0,no_face
144,4.8,,,75.0,no_face
145,4.833,,,75.0,no_face
146,4.867,,,75.0,no_face
147,4.9,,,75.0,no_face
148,4.933,,,75.0,no_face
149,4.967,,,75.0,no_face
150,5.0,,,75.0,no_face
151,5.033,,,75.0,no_face
152,5.067,,,75.0,no_face
153,5.1,,,75.0,no_face
154,5.133,,,75.0,no_face
155,5.167,,,75.0,no_face
156,5.2,,,75.0,no_face
157,5.233,,,75.0,no_face
158,5.267,,,75.0,no_face
159,5.3,,,75.0,no_face
160,5.333,,,75.0,no_face
161,5.367,,,75.0,no_face
162,5.4,,,75.0,no_face
163,5.433,,,75.0,no_face
164,5.467,,,75.0,no_face
165,5.5,66.02,False,75.0,mismatch
166,5.533,66.02,False,75.0,mismatch
167,5.567,63.86,False,75.0,mismatch
168,5.6,63.94,False,75.0,mismatch
169,5.633,,,75.0,no_face
170,5.667,,,75.0,no_face
171,5.7,,,75.0,no_face
172,5.733,,,75.0,no_face
173,5.767,,,75.0,no_face
174,5.8,,,75.0,no_face
175,5.833,,,75.0,no_face
176,5.867,64.51,False,75.0,mismatch
177,5.9,64.15,False,75.0,mismatch
178,5.933,65.46,False,75.0,mismatch
179,5.967,,,75.0,no_face
180,6.0,,,75.0,no_face
181,6.033,,,75.0,no_face
182,6.067,,,75.0,no_face
183,6.1,,,75.0,no_face
184,6.133,,,75.0,no_face
185,6.167,,,75.0,no_face
186,6.2,,,75.0,no_face
187,6.233,,,75.0,no_face
188,6.267,,,75.0,no_face
189,6.3,,,75.0,no_face
190,6.333,67.66,False,75.0,mismatch
191,6.367,65.58,False,75.0,mismatch
192,6.4,,,75.0,no_face
193,6.433,,,75.0,no_face
194,6.467,66.11,False,75.0,mismatch
195,6.5,65.34,False,75.0,mismatch
196,6.533,65.38,False,75.0,mismatch
197,6.567,,,75.0,no_face
198,6.6,,,75.0,no_face
199,6.633,63.86,False,75.0,mismatch
200,6.667,63.57,False,75.0,mismatch
201,6.7,63.12,False,75.0,mismatch
202,6.733,64.61,False,75.0,mismatch
203,6.767,64.88,False,75.0,mismatch
204,6.8,65.08,False,75.0,mismatch
205,6.833,64.34,False,75.0,mismatch
206,6.867,64.52,False,75.0,mismatch
207,6.9,64.24,False,75.0,mismatch
208,6.933,64.56,False,75.0,mismatch
209,6.967,65.07,False,75.0,mismatch
210,7.0,65.60,False,75.0,mismatch
211,7.033,65.85,False,75.0,mismatch
212,7.067,66.14,False,75.0,mismatch
213,7.1,65.14,False,75.0,mismatch
214,7.133,64.72,False,75.0,mismatch
215,7.167,65.05,False,75.0,mismatch
216,7.2,64.91,False,75.0,mismatch
217,7.233,65.57,False,75.0,mismatch
218,7.267,65.66,False,75.0,mismatch
219,7.3,65.04,False,75.0,mismatch
220,7.333,64.42,False,75.0,mismatch
221,7.367,61.60,False,75.0,mismatch
222,7.4,64.37,False,75.0,mismatch
223,7.433,63.89,False,75.0,mismatch
224,7.467,64.61,False,75.0,mismatch
225,7.5,64.59,False,75.0,mismatch
226,7.533,63.57,False,75.0,mismatch
227,7.567,63.17,False,75.0,mismatch
228,7.6,61.57,False,75.0,mismatch
229,7.633,61.74,False,75.0,mismatch
230,7.667,62.40,False,75.0,mismatch
231,7.7,61.64,False,75.0,mismatch
232,7.733,61.63,False,75.0,mismatch
233,7.767,63.96,False,75.0,mismatch
234,7.8,62.98,False,75.0,mismatch
235,7.833,60.77,False,75.0,mismatch
236,7.867,60.77,False,75.0,mismatch
237,7.9,61.24,False,75.0,mismatch
238,7.933,61.46,False,75.0,mismatch
239,7.967,61.11,False,75.0,mismatch
240,8.0,64.97,False,75.0,mismatch
241,8.033,65.85,False,75.0,mismatch
242,8.067,,,75.0,no_face
243,8.1,,,75.0,no_face
244,8.133,,,75.0,no_face
245,8.167,,,75.0,no_face
246,8.2,,,75.0,no_face
247,8.233,,,75.0,no_face
248,8.267,,,75.0,no_face
249,8.3,,,75.0,no_face
250,8.333,,,75.0,no_face
251,8.367,63.63,False,75.0,mismatch
252,8.4,64.12,False,75.0,mismatch
253,8.433,66.48,False,75.0,mismatch
254,8.467,67.17,False,75.0,mismatch
255,8.5,66.92,False,75.0,mismatch
256,8.533,66.31,False,75.0,mismatch
257,8.567,66.06,False,75.0,mismatch
258,8.6,66.17,False,75.0,mismatch
259,8.633,65.10,False,75.0,mismatch
260,8.667,66.03,False,75.0,mismatch
261,8.7,65.62,False,75.0,mismatch
262,8.733,66.15,False,75.0,mismatch
263,8.767,66.13,False,75.0,mismatch
264,8.8,66.02,False,75.0,mismatch
265,8.833,66.98,False,75.0,mismatch
266,8.867,65.57,False,75.0,mismatch
267,8.9,66.20,False,75.0,mismatch
268,8.933,65.75,False,75.0,mismatch
269,8.967,65.03,False,75.0,mismatch
270,9.0,65.01,False,75.0,mismatch
271,9.033,66.40,False,75.0,mismatch
272,9.067,66.19,False,75.0,mismatch
273,9.1,64.35,False,75.0,mismatch
274,9.133,64.59,False,75.0,mismatch
275,9.167,63.23,False,75.0,mismatch
276,9.2,65.14,False,75.0,mismatch
277,9.233,64.62,False,75.0,mismatch
278,9.267,63.91,False,75.0,mismatch
279,9.3,63.88,False,75.0,mismatch
280,9.333,64.57,False,75.0,mismatch
281,9.367,64.77,False,75.0,mismatch
282,9.4,63.19,False,75.0,mismatch
283,9.433,63.76,False,75.0,mismatch
284,9.467,65.15,False,75.0,mismatch
285,9.5,65.62,False,75.0,mismatch
286,9.533,65.52,False,75.0,mismatch
287,9.567,65.65,False,75.0,mismatch
288,9.6,64.65,False,75.0,mismatch
289,9.633,63.45,False,75.0,mismatch
290,9.667,62.77,False,75.0,mismatch
291,9.7,62.86,False,75.0,mismatch
292,9.733,62.62,False,75.0,mismatch
293,9.767,61.96,False,75.0,mismatch
294,9.8,61.81,False,75.0,mismatch
295,9.833,62.23,False,75.0,mismatch
296,9.867,62.53,False,75.0,mismatch
297,9.9,61.47,False,75.0,mismatch
298,9.933,61.13,False,75.0,mismatch
299,9.967,61.23,False,75.0,mismatch
300,10.0,61.34,False,75.0,mismatch
301,10.033,61.33,False,75.0,mismatch
302,10.067,60.09,False,75.0,mismatch
303,10.1,60.79,False,75.0,mismatch
304,10.133,60.43,False,75.0,mismatch
305,10.167,62.58,False,75.0,mismatch
306,10.2,62.80,False,75.0,mismatch
307,10.233,64.42,False,75.0,mismatch
308,10.267,64.20,False,75.0,mismatch
309,10.3,64.93,False,75.0,mismatch
310,10.333,65.17,False,75.0,mismatch
311,10.367,65.70,False,75.0,mismatch
312,10.4,66.58,False,75.0,mismatch
313,10.433,67.09,False,75.0,mismatch
314,10.467,62.95,False,75.0,mismatch
315,10.5,63.07,False,75.0,mismatch
316,10.533,64.28,False,75.0,mismatch
317,10.567,63.32,False,75.0,mismatch
318,10.6,64.24,False,75.0,mismatch
319,10.633,62.65,False,75.0,mismatch
320,10.667,63.45,False,75.0,mismatch
321,10.7,63.82,False,75.0,mismatch
322,10.733,63.93,False,75.0,mismatch
323,10.767,63.72,False,75.0,mismatch
324,10.8,63.46,False,75.0,mismatch
325,10.833,65.39,False,75.0,mismatch
326,10.867,64.22,False,75.0,mismatch
327,10.9,65.12,False,75.0,mismatch
328,10.933,64.53,False,75.0,mismatch
329,10.967,64.06,False,75.0,mismatch
330,11.0,63.55,False,75.0,mismatch
331,11.033,64.86,False,75.0,mismatch
332,11.067,64.37,False,75.0,mismatch
333,11.1,63.71,False,75.0,mismatch
334,11.133,65.34,False,75.0,mismatch
335,11.167,65.36,False,75.0,mismatch
336,11.2,63.94,False,75.0,mismatch
337,11.233,65.00,False,75.0,mismatch
338,11.267,65.80,False,75.0,mismatch
339,11.3,65.26,False,75.0,mismatch
340,11.333,62.87,False,75.0,mismatch
341,11.367,64.98,False,75.0,mismatch
342,11.4,64.85,False,75.0,mismatch
343,11.433,64.60,False,75.0,mismatch
344,11.467,64.53,False,75.0,mismatch
345,11.5,63.95,False,75.0,mismatch
346,11.533,64.47,False,75.0,mismatch
347,11.567,61.76,False,75.0,mismatch
348,11.6,61.38,False,75.0,mismatch
349,11.633,61.05,False,75.0,mismatch
350,11.667,60.44,False,75.0,mismatch
351,11.7,60.01,False,75.0,mismatch
352,11.733,60.19,False,75.0,mismatch
353,11.767,59.57,False,75.0,mismatch
354,11.8,59.79,False,75.0,mismatch
355,11.833,59.69,False,75.0,mismatch
356,11.867,60.70,False,75.0,mismatch
357,11.9,60.74,False,75.0,mismatch
358,11.933,61.25,False,75.0,mismatch
359,11.967,61.21,False,75.0,mismatch
360,12.0,61.80,False,75.0,mismatch
361,12.033,62.20,False,75.0,mismatch
362,12.067,61.16,False,75.0,mismatch
363,12.1,61.57,False,75.0,mismatch
364,12.133,61.65,False,75.0,mismatch
365,12.167,60.58,False,75.0,mismatch
366,12.2,61.27,False,75.0,mismatch
367,12.233,61.30,False,75.0,mismatch
368,12.267,61.23,False,75.0,mismatch
369,12.3,61.53,False,75.0,mismatch
370,12.333,61.15,False,75.0,mismatch
371,12.367,61.11,False,75.0,mismatch
372,12.4,61.40,False,75.0,mismatch
373,12.433,61.39,False,75.0,mismatch
374,12.467,60.66,False,75.0,mismatch
375,12.5,60.51,False,75.0,mismatch
376,12.533,61.45,False,75.0,mismatch
377,12.567,60.38,False,75.0,mismatch
378,12.6,60.53,False,75.0,mismatch
379,12.633,60.51,False,75.0,mismatch
380,12.667,60.41,False,75.0,mismatch
381,12.7,60.95,False,75.0,mismatch
382,12.733,60.03,False,75.0,mismatch
383,12.767,60.72,False,75.0,mismatch
384,12.8,61.09,False,75.0,mismatch
385,12.833,60.65,False,75.0,mismatch
386,12.867,59.87,False,75.0,mismatch
387,12.9,59.96,False,75.0,mismatch
388,12.933,60.55,False,75.0,mismatch
389,12.967,60.26,False,75.0,mismatch
390,13.0,60.02,False,75.0,mismatch
391,13.033,59.91,False,75.0,mismatch
392,13.067,58.97,False,75.0,mismatch
393,13.1,58.42,False,75.0,mismatch
394,13.133,58.76,False,75.0,mismatch
395,13.167,59.40,False,75.0,mismatch
396,13.2,59.61,False,75.0,mismatch
397,13.233,59.84,False,75.0,mismatch
398,13.267,59.42,False,75.0,mismatch
399,13.3,59.98,False,75.0,mismatch
400,13.333,61.20,False,75.0,mismatch
401,13.367,59.45,False,75.0,mismatch
402,13.4,59.43,False,75.0,mismatch
403,13.433,58.83,False,75.0,mismatch
404,13.467,59.55,False,75.0,mismatch
405,13.5,58.74,False,75.0,mismatch
406,13.533,58.51,False,75.0,mismatch
407,13.567,58.62,False,75.0,mismatch
408,13.6,58.96,False,75.0,mismatch
409,13.633,58.72,False,75.0,mismatch
410,13.667,58.37,False,75.0,mismatch
411,13.7,58.52,False,75.0,mismatch
412,13.733,59.26,False,75.0,mismatch
413,13.767,58.85,False,75.0,mismatch
414,13.8,58.87,False,75.0,mismatch
415,13.833,59.93,False,75.0,mismatch
416,13.867,58.72,False,75.0,mismatch
417,13.9,58.99,False,75.0,mismatch
418,13.933,59.62,False,75.0,mismatch
419,13.967,60.62,False,75.0,mismatch
420,14.0,60.53,False,75.0,mismatch
421,14.033,61.08,False,75.0,mismatch
422,14.067,60.36,False,75.0,mismatch
423,14.1,60.90,False,75.0,mismatch
424,14.133,60.87,False,75.0,mismatch
425,14.167,61.90,False,75.0,mismatch
426,14.2,61.15,False,75.0,mismatch
427,14.233,60.72,False,75.0,mismatch
428,14.267,60.04,False,75.0,mismatch
429,14.3,61.54,False,75.0,mismatch
430,14.333,59.94,False,75.0,mismatch
431,14.367,60.45,False,75.0,mismatch
432,14.4,61.06,False,75.0,mismatch
433,14.433,60.45,False,75.0,mismatch
434,14.467,60.92,False,75.0,mismatch
435,14.5,60.74,False,75.0,mismatch
436,14.533,60.57,False,75.0,mismatch
437,14.567,61.94,False,75.0,mismatch
438,14.6,61.94,False,75.0,mismatch
439,14.633,61.13,False,75.0,mismatch
440,14.667,61.13,False,75.0,mismatch
441,14.7,60.98,False,75.0,mismatch
442,14.733,61.00,False,75.0,mismatch
443,14.767,61.65,False,75.0,mismatch
444,14.8,62.24,False,75.0,mismatch
445,14.833,62.28,False,75.0,mismatch
446,14.867,62.02,False,75.0,mismatch
447,14.9,62.23,False,75.0,mismatch
448,14.933,61.79,False,75.0,mismatch
449,14.967,61.22,False,75.0,mismatch
450,15.0,61.74,False,75.0,mismatch
451,15.033,61.24,False,75.0,mismatch
452,15.067,61.35,False,75.0,mismatch
453,15.1,60.30,False,75.0,mismatch
454,15.133,60.28,False,75.0,mismatch
455,15.167,61.05,False,75.0,mismatch
456,15.2,61.36,False,75.0,mismatch
457,15.233,60.58,False,75.0,mismatch
458,15.267,60.01,False,75.0,mismatch
459,15.3,59.64,False,75.0,mismatch
460,15.333,62.03,False,75.0,mismatch
461,15.367,61.64,False,75.0,mismatch
462,15.4,64.83,False,75.0,mismatch
463,15.433,63.23,False,75.0,mismatch
464,15.467,63.84,False,75.0,mismatch
465,15.5,63.60,False,75.0,mismatch
466,15.533,63.55,False,75.0,mismatch
467,15.567,63.12,False,75.0,mismatch
468,15.6,62.82,False,75.0,mismatch
469,15.633,60.70,False,75.0,mismatch
470,15.667,63.14,False,75.0,mismatch
471,15.7,59.15,False,75.0,mismatch
472,15.733,62.42,False,75.0,mismatch
473,15.767,56.58,False,75.0,mismatch
474,15.8,58.00,False,75.0,mismatch
475,15.833,,,75.0,no_face
476,15.867,60.37,False,75.0,mismatch
477,15.9,64.69,False,75.0,mismatch
478,15.933,65.36,False,75.0,mismatch
479,15.967,66.91,False,75.0,mismatch
480,16.0,67.75,False,75.0,mismatch
481,16.033,63.97,False,75.0,mismatch
482,16.067,67.31,False,75.0,mismatch
483,16.1,66.92,False,75.0,mismatch
484,16.133,66.68,False,75.0,mismatch
485,16.167,63.16,False,75.0,mismatch
486,16.2,62.17,False,75.0,mismatch
487,16.233,63.06,False,75.0,mismatch
488,16.267,63.51,False,75.0,mismatch
489,16.3,63.31,False,75.0,mismatch
490,16.333,63.02,False,75.0,mismatch
491,16.367,63.83,False,75.0,mismatch
492,16.4,63.48,False,75.0,mismatch
493,16.433,64.62,False,75.0,mismatch
494,16.467,63.46,False,75.0,mismatch
495,16.5,63.73,False,75.0,mismatch
496,16.533,62.48,False,75.0,mismatch
497,16.567,64.91,False,75.0,mismatch
498,16.6,61.26,False,75.0,mismatch
499,16.633,62.83,False,75.0,mismatch
500,16.667,63.95,False,75.0,mismatch
501,16.7,68.85,False,75.0,mismatch
502,16.733,69.03,False,75.0,mismatch
503,16.767,69.03,False,75.0,mismatch
504,16.8,64.21,False,75.0,mismatch
505,16.833,65.77,False,75.0,mismatch
506,16.867,66.92,False,75.0,mismatch
507,16.9,67.04,False,75.0,mismatch
508,16.933,66.04,False,75.0,mismatch
509,16.967,63.93,False,75.0,mismatch
510,17.0,63.92,False,75.0,mismatch
511,17.033,65.06,False,75.0,mismatch
512,17.067,65.06,False,75.0,mismatch
513,17.1,64.36,False,75.0,mismatch
514,17.133,64.36,False,75.0,mismatch
515,17.167,65.20,False,75.0,mismatch
516,17.2,65.26,False,75.0,mismatch
517,17.233,65.06,False,75.0,mismatch
518,17.267,65.32,False,75.0,mismatch
519,17.3,64.13,False,75.0,mismatch
520,17.333,64.79,False,75.0,mismatch
521,17.367,64.16,False,75.0,mismatch
522,17.4,66.63,False,75.0,mismatch
523,17.433,66.11,False,75.0,mismatch
524,17.467,65.30,False,75.0,mismatch
525,17.5,65.08,False,75.0,mismatch
526,17.533,65.44,False,75.0,mismatch
527,17.567,66.48,False,75.0,mismatch
528,17.6,66.92,False,75.0,mismatch
529,17.633,66.21,False,75.0,mismatch
530,17.667,66.61,False,75.0,mismatch
531,17.7,67.04,False,75.0,mismatch
532,17.733,64.91,False,75.0,mismatch
533,17.767,65.29,False,75.0,mismatch
534,17.8,65.36,False,75.0,mismatch
535,17.833,65.68,False,75.0,mismatch
536,17.867,64.20,False,75.0,mismatch
537,17.9,63.62,False,75.0,mismatch
538,17.933,65.63,False,75.0,mismatch
539,17.967,65.63,False,75.0,mismatch
540,18.0,66.36,False,75.0,mismatch
541,18.033,62.93,False,75.0,mismatch
542,18.067,64.73,False,75.0,mismatch
543,18.1,63.97,False,75.0,mismatch
544,18.133,61.78,False,75.0,mismatch
545,18.167,59.11,False,75.0,mismatch
546,18.2,60.47,False,75.0,mismatch
547,18.233,62.32,False,75.0,mismatch
548,18.267,62.52,False,75.0,mismatch
549,18.3,61.40,False,75.0,mismatch
550,18.333,61.36,False,75.0,mismatch
551,18.367,62.50,False,75.0,mismatch
552,18.4,61.90,False,75.0,mismatch
553,18.433,60.89,False,75.0,mismatch
554,18.467,63.28,False,75.0,mismatch
555,18.5,63.14,False,75.0,mismatch
556,18.533,62.38,False,75.0,mismatch
557,18.567,61.13,False,75.0,mismatch
558,18.6,61.66,False,75.0,mismatch
559,18.633,61.66,False,75.0,mismatch
560,18.667,62.10,False,75.0,mismatch
561,18.7,62.84,False,75.0,mismatch
562,18.733,61.34,False,75.0,mismatch
563,18.767,63.67,False,75.0,mismatch
564,18.8,62.94,False,75.0,mismatch
565,18.833,62.31,False,75.0,mismatch
566,18.867,62.64,False,75.0,mismatch
567,18.9,63.85,False,75.0,mismatch
568,18.933,61.99,False,75.0,mismatch
569,18.967,61.75,False,75.0,mismatch
570,19.0,61.98,False,75.0,mismatch
571,19.033,62.91,False,75.0,mismatch
572,19.067,62.57,False,75.0,mismatch
573,19.1,62.23,False,75.0,mismatch
574,19.133,62.07,False,75.0,mismatch
575,19.167,63.48,False,75.0,mismatch
576,19.2,62.48,False,75.0,mismatch
577,19.233,62.48,False,75.0,mismatch
578,19.267,62.71,False,75.0,mismatch
579,19.3,62.42,False,75.0,mismatch
580,19.333,63.18,False,75.0,mismatch
581,19.367,62.62,False,75.0,mismatch
582,19.4,62.40,False,75.0,mismatch
583,19.433,62.17,False,75.0,mismatch
584,19.467,59.87,False,75.0,mismatch
585,19.5,57.09,False,75.0,mismatch
586,19.533,58.63,False,75.0,mismatch
587,19.567,61.68,False,75.0,mismatch
588,19.6,63.91,False,75.0,mismatch
589,19.633,61.69,False,75.0,mismatch
590,19.667,63.73,False,75.0,mismatch
591,19.7,63.83,False,75.0,mismatch
592,19.733,63.90,False,75.0,mismatch
593,19.767,63.84,False,75.0,mismatch
594,19.8,64.07,False,75.0,mismatch
595,19.833,64.07,False,75.0,mismatch
596,19.867,59.39,False,75.0,mismatch
597,19.9,59.39,False,75.0,mismatch
598,19.933,59.44,False,75.0,mismatch
599,19.967,60.60,False,75.0,mismatch
600,20.0,60.10,False,75.0,mismatch
601,20.033,59.14,False,75.0,mismatch
602,20.067,59.14,False,75.0,mismatch
603,20.1,58.86,False,75.0,mismatch
604,20.133,59.57,False,75.0,mismatch
605,20.167,58.67,False,75.0,mismatch
606,20.2,58.69,False,75.0,mismatch
607,20.233,59.70,False,75.0,mismatch
608,20.267,61.01,False,75.0,mismatch
609,20.3,58.66,False,75.0,mismatch
610,20.333,64.79,False,75.0,mismatch
611,20.367,64.45,False,75.0,mismatch
612,20.4,62.86,False,75.0,mismatch
613,20.433,62.86,False,75.0,mismatch
614,20.467,62.35,False,75.0,mismatch
615,20.5,61.33,False,75.0,mismatch
616,20.533,60.92,False,75.0,mismatch
617,20.567,62.74,False,75.0,mismatch
618,20.6,61.04,False,75.0,mismatch
619,20.633,63.37,False,75.0,mismatch
620,20.667,63.36,False,75.0,mismatch
621,20.7,60.50,False,75.0,mismatch
622,20.733,60.66,False,75.0,mismatch
623,20.767,60.54,False,75.0,mismatch
624,20.8,61.23,False,75.0,mismatch
625,20.833,62.71,False,75.0,mismatch
626,20.867,66.95,False,75.0,mismatch
627,20.9,66.94,False,75.0,mismatch
628,20.933,69.81,False,75.0,mismatch
629,20.967,70.72,False,75.0,mismatch
630,21.0,68.27,False,75.0,mismatch
631,21.033,68.36,False,75.0,mismatch
632,21.067,69.68,False,75.0,mismatch
633,21.1,70.02,False,75.0,mismatch
634,21.133,,,75.0,no_face
635,21.167,,,75.0,no_face
636,21.2,,,75.0,no_face
637,21.233,,,75.0,no_face
638,21.267,,,75.0,no_face
639,21.3,,,75.0,no_face
640,21.333,,,75.0,no_face
641,21.367,,,75.0,no_face
642,21.4,,,75.0,no_face
643,21.433,,,75.0,no_face
644,21.467,,,75.0,no_face
645,21.5,,,75.0,no_face
646,21.533,,,75.0,no_face
647,21.567,,,75.0,no_face
648,21.6,,,75.0,no_face
649,21.633,,,75.0,no_face
650,21.667,,,75.0,no_face
651,21.7,,,75.0,no_face
652,21.733,,,75.0,no_face
653,21.767,,,75.0,no_face
654,21.8,,,75.0,no_face
655,21.833,,,75.0,no_face
656,21.867,,,75.0,no_face
657,21.9,,,75.0,no_face
658,21.933,,,75.0,no_face
659,21.967,,,75.0,no_face
660,22.0,,,75.0,no_face
661,22.033,,,75.0,no_face
662,22.067,,,75.0,no_face
663,22.1,,,75.0,no_face
664,22.133,,,75.0,no_face
665,22.167,,,75.0,no_face
666,22.2,,,75.0,no_face
667,22.233,,,75.0,no_face
668,22.267,,,75.0,no_face
669,22.3,,,75.0,no_face
670,22.333,,,75.0,no_face
671,22.367,,,75.0,no_face
672,22.4,,,75.0,no_face
673,22.433,,,75.0,no_face
674,22.467,,,75.0,no_face
675,22.5,,,75.0,no_face
676,22.533,,,75.0,no_face
677,22.567,,,75.0,no_face
678,22.6,,,75.0,no_face
679,22.633,,,75.0,no_face
680,22.667,,,75.0,no_face
681,22.7,,,75.0,no_face
682,22.733,,,75.0,no_face
683,22.767,,,75.0,no_face
684,22.8,,,75.0,no_face
685,22.833,,,75.0,no_face
686,22.867,,,75.0,no_face
687,22.9,,,75.0,no_face
688,22.933,,,75.0,no_face
689,22.967,,,75.0,no_face
690,23.0,,,75.0,no_face
691,23.033,,,75.0,no_face
692,23.067,,,75.0,no_face
693,23.1,,,75.0,no_face
694,23.133,,,75.0,no_face
695,23.167,,,75.0,no_face
696,23.2,,,75.0,no_face
697,23.233,,,75.0,no_face
698,23.267,,,75.0,no_face
699,23.3,,,75.0,no_face
700,23.333,,,75.0,no_face
701,23.367,,,75.0,no_face
702,23.4,,,75.0,no_face
703,23.433,,,75.0,no_face
704,23.467,,,75.0,no_face
705,23.5,,,75.0,no_face
706,23.533,,,75.0,no_face
707,23.567,,,75.0,no_face
708,23.6,,,75.0,no_face
709,23.633,,,75.0,no_face
710,23.667,,,75.0,no_face
711,23.7,,,75.0,no_face
712,23.733,,,75.0,no_face
713,23.767,,,75.0,no_face
714,23.8,,,75.0,no_face
715,23.833,70.40,False,75.0,mismatch
716,23.867,69.38,False,75.0,mismatch
717,23.9,,,75.0,no_face
718,23.933,,,75.0,no_face
719,23.967,,,75.0,no_face
720,24.0,71.82,False,75.0,mismatch
721,24.033,71.93,False,75.0,mismatch
722,24.067,69.91,False,75.0,mismatch
723,24.1,70.35,False,75.0,mismatch
724,24.133,,,75.0,no_face
725,24.167,68.16,False,75.0,mismatch
726,24.2,68.97,False,75.0,mismatch
727,24.233,69.76,False,75.0,mismatch
728,24.267,70.25,False,75.0,mismatch
729,24.3,71.53,False,75.0,mismatch
730,24.333,71.45,False,75.0,mismatch
731,24.367,67.91,False,75.0,mismatch
732,24.4,66.47,False,75.0,mismatch
733,24.433,67.72,False,75.0,mismatch
734,24.467,,,75.0,no_face
735,24.5,,,75.0,no_face
736,24.533,66.04,False,75.0,mismatch
737,24.567,67.42,False,75.0,mismatch
738,24.6,59.92,False,75.0,mismatch
739,24.633,59.74,False,75.0,mismatch
740,24.667,,,75.0,no_face
741,24.7,,,75.0,no_face
742,24.733,,,75.0,no_face
743,24.767,62.22,False,75.0,mismatch
744,24.8,61.71,False,75.0,mismatch
745,24.833,59.87,False,75.0,mismatch
746,24.867,61.66,False,75.0,mismatch
747,24.9,60.56,False,75.0,mismatch
748,24.933,61.94,False,75.0,mismatch
749,24.967,67.48,False,75.0,mismatch
750,25.0,64.67,False,75.0,mismatch
751,25.033,63.34,False,75.0,mismatch
752,25.067,63.09,False,75.0,mismatch
753,25.1,64.05,False,75.0,mismatch
754,25.133,61.85,False,75.0,mismatch
755,25.167,61.71,False,75.0,mismatch
756,25.2,61.24,False,75.0,mismatch
757,25.233,61.14,False,75.0,mismatch
758,25.267,64.35,False,75.0,mismatch
759,25.3,62.64,False,75.0,mismatch
760,25.333,62.07,False,75.0,mismatch
761,25.367,67.37,False,75.0,mismatch
762,25.4,69.26,False,75.0,mismatch
763,25.433,65.26,False,75.0,mismatch
764,25.467,63.82,False,75.0,mismatch
765,25.5,63.50,False,75.0,mismatch
766,25.533,62.66,False,75.0,mismatch
767,25.567,61.50,False,75.0,mismatch
768,25.6,61.59,False,75.0,mismatch
769,25.633,62.18,False,75.0,mismatch
770,25.667,62.54,False,75.0,mismatch
771,25.7,62.03,False,75.0,mismatch
772,25.733,63.39,False,75.0,mismatch
773,25.767,63.29,False,75.0,mismatch
774,25.8,62.29,False,75.0,mismatch
775,25.833,62.92,False,75.0,mismatch
776,25.867,59.64,False,75.0,mismatch
777,25.9,60.05,False,75.0,mismatch
778,25.933,60.16,False,75.0,mismatch
779,25.967,58.37,False,75.0,mismatch
780,26.0,55.18,False,75.0,mismatch
781,26.033,,,75.0,no_face
782,26.067,,,75.0,no_face
783,26.1,60.82,False,75.0,mismatch
784,26.133,59.42,False,75.0,mismatch
785,26.167,63.02,False,75.0,mismatch
786,26.2,63.04,False,75.0,mismatch
787,26.233,65.79,False,75.0,mismatch
788,26.267,66.44,False,75.0,mismatch
789,26.3,66.60,False,75.0,mismatch
790,26.333,66.61,False,75.0,mismatch
791,26.367,70.93,False,75.0,mismatch
792,26.4,68.61,False,75.0,mismatch
793,26.433,67.33,False,75.0,mismatch
794,26.467,65.61,False,75.0,mismatch
795,26.5,65.45,False,75.0,mismatch
796,26.533,64.74,False,75.0,mismatch
797,26.567,64.84,False,75.0,mismatch
798,26.6,64.23,False,75.0,mismatch
799,26.633,65.42,False,75.0,mismatch
800,26.667,65.13,False,75.0,mismatch
801,26.7,66.35,False,75.0,mismatch
802,26.733,67.77,False,75.0,mismatch
803,26.767,67.97,False,75.0,mismatch
804,26.8,68.59,False,75.0,mismatch
805,26.833,66.45,False,75.0,mismatch
806,26.867,66.92,False,75.0,mismatch
807,26.9,65.54,False,75.0,mismatch
808,26.933,65.24,False,75.0,mismatch
809,26.967,64.80,False,75.0,mismatch
810,27.0,63.54,False,75.0,mismatch
811,27.033,65.93,False,75.0,mismatch
812,27.067,65.37,False,75.0,mismatch
813,27.1,64.00,False,75.0,mismatch
814,27.133,63.71,False,75.0,mismatch
815,27.167,63.42,False,75.0,mismatch
816,27.2,64.56,False,75.0,mismatch
817,27.233,64.51,False,75.0,mismatch
818,27.267,62.85,False,75.0,mismatch
819,27.3,62.72,False,75.0,mismatch
820,27.333,64.37,False,75.0,mismatch
821,27.367,63.79,False,75.0,mismatch
822,27.4,63.79,False,75.0,mismatch
823,27.433,63.54,False,75.0,mismatch
824,27.467,62.53,False,75.0,mismatch
825,27.5,63.38,False,75.0,mismatch
826,27.533,63.38,False,75.0,mismatch
827,27.567,63.32,False,75.0,mismatch
828,27.6,63.57,False,75.0,mismatch
829,27.633,63.61,False,75.0,mismatch
830,27.667,62.68,False,75.0,mismatch
831,27.7,63.64,False,75.0,mismatch
832,27.733,62.41,False,75.0,mismatch
833,27.767,62.41,False,75.0,mismatch
834,27.8,62.65,False,75.0,mismatch
835,27.833,61.79,False,75.0,mismatch
836,27.867,61.12,False,75.0,mismatch
837,27.9,60.45,False,75.0,mismatch
838,27.933,60.58,False,75.0,mismatch
839,27.967,60.52,False,75.0,mismatch
840,28.0,60.00,False,75.0,mismatch
841,28.033,60.96,False,75.0,mismatch
842,28.067,60.78,False,75.0,mismatch
843,28.1,59.73,False,75.0,mismatch
844,28.133,59.39,False,75.0,mismatch
845,28.167,60.39,False,75.0,mismatch
846,28.2,59.26,False,75.0,mismatch
847,28.233,58.68,False,75.0,mismatch
848,28.267,59.15,False,75.0,mismatch
849,28.3,58.93,False,75.0,mismatch
850,28.333,58.89,False,75.0,mismatch
851,28.367,57.77,False,75.0,mismatch
852,28.4,58.51,False,75.0,mismatch
853,28.433,57.22,False,75.0,mismatch
854,28.467,58.67,False,75.0,mismatch
855,28.5,58.07,False,75.0,mismatch
856,28.533,59.40,False,75.0,mismatch
857,28.567,58.97,False,75.0,mismatch
858,28.6,58.94,False,75.0,mismatch
859,28.633,59.70,False,75.0,mismatch
860,28.667,59.55,False,75.0,mismatch
861,28.7,59.20,False,75.0,mismatch
862,28.733,58.54,False,75.0,mismatch
863,28.767,58.87,False,75.0,mismatch
864,28.8,60.10,False,75.0,mismatch
865,28.833,60.04,False,75.0,mismatch
866,28.867,59.11,False,75.0,mismatch
867,28.9,59.66,False,75.0,mismatch
868,28.933,59.34,False,75.0,mismatch
869,28.967,59.85,False,75.0,mismatch
870,29.0,59.33,False,75.0,mismatch
871,29.033,59.20,False,75.0,mismatch
872,29.067,59.73,False,75.0,mismatch
873,29.1,60.22,False,75.0,mismatch
874,29.133,60.17,False,75.0,mismatch
875,29.167,61.13,False,75.0,mismatch
876,29.2,60.41,False,75.0,mismatch
877,29.233,60.71,False,75.0,mismatch
878,29.267,60.80,False,75.0,mismatch
879,29.3,60.78,False,75.0,mismatch
880,29.333,61.06,False,75.0,mismatch
881,29.367,61.09,False,75.0,mismatch
882,29.4,60.28,False,75.0,mismatch
883,29.433,60.20,False,75.0,mismatch
884,29.467,60.41,False,75.0,mismatch
885,29.5,60.32,False,75.0,mismatch
886,29.533,59.92,False,75.0,mismatch
887,29.567,59.92,False,75.0,mismatch
888,29.6,59.74,False,75.0,mismatch
889,29.633,59.94,False,75.0,mismatch
890,29.667,59.83,False,75.0,mismatch
891,29.7,60.09,False,75.0,mismatch
892,29.733,59.97,False,75.0,mismatch
893,29.767,60.01,False,75.0,mismatch
894,29.8,60.24,False,75.0,mismatch
895,29.833,59.69,False,75.0,mismatch
896,29.867,59.62,False,75.0,mismatch
897,29.9,59.17,False,75.0,mismatch
898,29.933,59.43,False,75.0,mismatch
899,29.967,60.08,False,75.0,mismatch
900,30.0,60.37,False,75.0,mismatch
901,30.033,60.41,False,75.0,mismatch
902,30.067,59.46,False,75.0,mismatch
903,30.1,59.47,False,75.0,mismatch
904,30.133,59.75,False,75.0,mismatch
905,30.167,59.67,False,75.0,mismatch
906,30.2,60.04,False,75.0,mismatch
907,30.233,60.05,False,75.0,mismatch
908,30.267,60.15,False,75.0,mismatch
909,30.3,60.25,False,75.0,mismatch
910,30.333,60.27,False,75.0,mismatch
911,30.367,60.22,False,75.0,mismatch
912,30.4,60.36,False,75.0,mismatch
913,30.433,60.29,False,75.0,mismatch
914,30.467,60.82,False,75.0,mismatch
915,30.5,60.93,False,75.0,mismatch
916,30.533,61.09,False,75.0,mismatch
917,30.567,61.09,False,75.0,mismatch
918,30.6,60.42,False,75.0,mismatch
919,30.633,60.39,False,75.0,mismatch
920,30.667,60.39,False,75.0,mismatch
921,30.7,59.98,False,75.0,mismatch
922,30.733,59.52,False,75.0,mismatch
923,30.767,59.52,False,75.0,mismatch
924,30.8,60.36,False,75.0,mismatch
925,30.833,59.73,False,75.0,mismatch
926,30.867,59.47,False,75.0,mismatch
927,30.9,60.60,False,75.0,mismatch
928,30.933,60.37,False,75.0,mismatch
929,30.967,60.50,False,75.0,mismatch
930,31.0,59.77,False,75.0,mismatch
931,31.033,59.92,False,75.0,mismatch
932,31.067,59.68,False,75.0,mismatch
933,31.1,59.30,False,75.0,mismatch
934,31.133,59.30,False,75.0,mismatch
935,31.167,59.32,False,75.0,mismatch
936,31.2,59.82,False,75.0,mismatch
937,31.233,59.52,False,75.0,mismatch
938,31.267,58.91,False,75.0,mismatch
939,31.3,58.72,False,75.0,mismatch
940,31.333,59.76,False,75.0,mismatch
941,31.367,59.74,False,75.0,mismatch
942,31.4,59.71,False,75.0,mismatch
943,31.433,59.71,False,75.0,mismatch
944,31.467,58.64,False,75.0,mismatch
945,31.5,58.82,False,75.0,mismatch
946,31.533,58.50,False,75.0,mismatch
947,31.567,59.93,False,75.0,mismatch
948,31.6,59.67,False,75.0,mismatch
949,31.633,57.90,False,75.0,mismatch
950,31.667,58.16,False,75.0,mismatch
951,31.7,58.15,False,75.0,mismatch
952,31.733,58.44,False,75.0,mismatch
953,31.767,59.00,False,75.0,mismatch
954,31.8,58.91,False,75.0,mismatch
955,31.833,58.87,False,75.0,mismatch
956,31.867,58.30,False,75.0,mismatch
957,31.9,58.27,False,75.0,mismatch
958,31.933,58.93,False,75.0,mismatch
959,31.967,58.89,False,75.0,mismatch
960,32.0,59.27,False,75.0,mismatch
961,32.033,59.27,False,75.0,mismatch
962,32.067,59.16,False,75.0,mismatch
963,32.1,58.48,False,75.0,mismatch
964,32.133,58.23,False,75.0,mismatch
965,32.167,59.04,False,75.0,mismatch
966,32.2,58.73,False,75.0,mismatch
967,32.233,58.28,False,75.0,mismatch
968,32.267,58.60,False,75.0,mismatch
969,32.3,58.38,False,75.0,mismatch
970,32.333,58.39,False,75.0,mismatch
971,32.367,58.56,False,75.0,mismatch
972,32.4,59.00,False,75.0,mismatch
973,32.433,59.20,False,75.0,mismatch
974,32.467,59.29,False,75.0,mismatch
975,32.5,59.35,False,75.0,mismatch
976,32.533,59.07,False,75.0,mismatch
977,32.567,58.77,False,75.0,mismatch
978,32.6,58.47,False,75.0,mismatch
979,32.633,58.47,False,75.0,mismatch
980,32.667,59.18,False,75.0,mismatch
981,32.7,59.18,False,75.0,mismatch
982,32.733,58.59,False,75.0,mismatch
983,32.767,58.65,False,75.0,mismatch
984,32.8,58.89,False,75.0,mismatch
985,32.833,58.83,False,75.0,mismatch
986,32.867,58.92,False,75.0,mismatch
987,32.9,58.52,False,75.0,mismatch
988,32.933,58.40,False,75.0,mismatch
989,32.967,58.54,False,75.0,mismatch
990,33.0,58.30,False,75.0,mismatch
991,33.033,58.30,False,75.0,mismatch
992,33.067,58.31,False,75.0,mismatch
993,33.1,58.82,False,75.0,mismatch
994,33.133,59.33,False,75.0,mismatch
995,33.167,59.39,False,75.0,mismatch
996,33.2,58.84,False,75.0,mismatch
997,33.233,59.37,False,75.0,mismatch
998,33.267,59.29,False,75.0,mismatch
999,33.3,59.60,False,75.0,mismatch
1000,33.333,59.51,False,75.0,mismatch
1001,33.367,59.57,False,75.0,mismatch
1002,33.4,59.30,False,75.0,mismatch
1003,33.433,58.90,False,75.0,mismatch
1004,33.467,59.03,False,75.0,mismatch
1005,33.5,59.91,False,75.0,mismatch
1006,33.533,59.32,False,75.0,mismatch
1007,33.567,59.47,False,75.0,mismatch
1008,33.6,59.14,False,75.0,mismatch
1009,33.633,58.97,False,75.0,mismatch
1010,33.667,59.39,False,75.0,mismatch
1011,33.7,58.69,False,75.0,mismatch
1012,33.733,59.73,False,75.0,mismatch
1013,33.767,59.85,False,75.0,mismatch
1014,33.8,59.33,False,75.0,mismatch
1015,33.833,59.33,False,75.0,mismatch
1016,33.867,59.79,False,75.0,mismatch
1017,33.9,59.78,False,75.0,mismatch
1018,33.933,59.59,False,75.0,mismatch
1019,33.967,59.63,False,75.0,mismatch
1020,34.0,59.91,False,75.0,mismatch
1021,34.033,59.83,False,75.0,mismatch
1022,34.067,59.87,False,75.0,mismatch
1023,34.1,59.26,False,75.0,mismatch
1024,34.133,59.84,False,75.0,mismatch
1025,34.167,59.97,False,75.0,mismatch
1026,34.2,59.97,False,75.0,mismatch
1027,34.233,60.02,False,75.0,mismatch
1028,34.267,59.72,False,75.0,mismatch
1029,34.3,59.67,False,75.0,mismatch
1030,34.333,60.18,False,75.0,mismatch
1031,34.367,60.80,False,75.0,mismatch
1032,34.4,59.83,False,75.0,mismatch
1033,34.433,59.31,False,75.0,mismatch
1034,34.467,58.74,False,75.0,mismatch
1035,34.5,59.47,False,75.0,mismatch
1036,34.533,59.50,False,75.0,mismatch
1037,34.567,59.99,False,75.0,mismatch
1038,34.6,59.35,False,75.0,mismatch
1039,34.633,59.86,False,75.0,mismatch
1040,34.667,60.00,False,75.0,mismatch
1041,34.7,59.77,False,75.0,mismatch
1042,34.733,59.77,False,75.0,mismatch
1043,34.767,59.81,False,75.0,mismatch
1044,34.8,59.55,False,75.0,mismatch
1045,34.833,59.88,False,75.0,mismatch
1046,34.867,60.27,False,75.0,mismatch
1047,34.9,60.14,False,75.0,mismatch
1048,34.933,59.39,False,75.0,mismatch
1049,34.967,60.22,False,75.0,mismatch
1050,35.0,59.98,False,75.0,mismatch
1051,35.033,59.98,False,75.0,mismatch
1052,35.067,60.31,False,75.0,mismatch
1053,35.1,60.31,False,75.0,mismatch
1054,35.133,59.81,False,75.0,mismatch
1055,35.167,60.29,False,75.0,mismatch
1056,35.2,60.37,False,75.0,mismatch
1057,35.233,59.57,False,75.0,mismatch
1058,35.267,59.59,False,75.0,mismatch
1059,35.3,59.59,False,75.0,mismatch
1060,35.333,59.34,False,75.0,mismatch
1061,35.367,60.21,False,75.0,mismatch
1062,35.4,60.21,False,75.0,mismatch
1063,35.433,59.49,False,75.0,mismatch
1064,35.467,59.86,False,75.0,mismatch
1065,35.5,59.50,False,75.0,mismatch
1066,35.533,59.69,False,75.0,mismatch
1067,35.567,59.77,False,75.0,mismatch
1068,35.6,60.20,False,75.0,mismatch
1069,35.633,60.11,False,75.0,mismatch
1070,35.667,59.17,False,75.0,mismatch
1071,35.7,60.13,False,75.0,mismatch
1072,35.733,60.17,False,75.0,mismatch
1073,35.767,61.12,False,75.0,mismatch
1074,35.8,60.97,False,75.0,mismatch
1075,35.833,61.46,False,75.0,mismatch
1076,35.867,60.68,False,75.0,mismatch
1077,35.9,60.47,False,75.0,mismatch
1078,35.933,59.96,False,75.0,mismatch
1079,35.967,59.63,False,75.0,mismatch
1080,36.0,59.64,False,75.0,mismatch
1081,36.033,59.47,False,75.0,mismatch
1082,36.067,61.84,False,75.0,mismatch
1083,36.1,61.52,False,75.0,mismatch
1084,36.133,61.95,False,75.0,mismatch
1085,36.167,61.50,False,75.0,mismatch
1086,36.2,62.07,False,75.0,mismatch
1087,36.233,61.75,False,75.0,mismatch
1088,36.267,61.93,False,75.0,mismatch
1089,36.3,62.29,False,75.0,mismatch
1090,36.333,61.58,False,75.0,mismatch
1091,36.367,62.67,False,75.0,mismatch
1092,36.4,62.32,False,75.0,mismatch
1093,36.433,63.31,False,75.0,mismatch
1094,36.467,63.18,False,75.0,mismatch
1095,36.5,65.17,False,75.0,mismatch
1096,36.533,64.75,False,75.0,mismatch
1097,36.567,65.33,False,75.0,mismatch
1098,36.6,65.33,False,75.0,mismatch
1099,36.633,62.54,False,75.0,mismatch
1100,36.667,62.51,False,75.0,mismatch
1101,36.7,64.96,False,75.0,mismatch
1102,36.733,64.50,False,75.0,mismatch
1103,36.767,64.32,False,75.0,mismatch
1104,36.8,63.64,False,75.0,mismatch
1105,36.833,63.23,False,75.0,mismatch
1106,36.867,63.07,False,75.0,mismatch
1107,36.9,63.02,False,75.0,mismatch
1108,36.933,63.12,False,75.0,mismatch
1109,36.967,63.40,False,75.0,mismatch
1110,37.0,64.16,False,75.0,mismatch
1111,37.033,63.23,False,75.0,mismatch
1112,37.067,62.78,False,75.0,mismatch
1113,37.1,62.56,False,75.0,mismatch
1114,37.133,63.37,False,75.0,mismatch
1115,37.167,62.99,False,75.0,mismatch
1116,37.2,62.99,False,75.0,mismatch
1117,37.233,63.28,False,75.0,mismatch
1118,37.267,62.43,False,75.0,mismatch
1119,37.3,62.40,False,75.0,mismatch
1120,37.333,62.45,False,75.0,mismatch
1121,37.367,62.44,False,75.0,mismatch
1122,37.4,62.80,False,75.0,mismatch
1123,37.433,62.77,False,75.0,mismatch
1124,37.467,62.01,False,75.0,mismatch
1125,37.5,62.33,False,75.0,mismatch
1126,37.533,62.02,False,75.0,mismatch
1127,37.567,62.96,False,75.0,mismatch
1128,37.6,61.18,False,75.0,mismatch
1129,37.633,62.30,False,75.0,mismatch
1130,37.667,61.63,False,75.0,mismatch
1131,37.7,61.57,False,75.0,mismatch
1132,37.733,61.46,False,75.0,mismatch
1133,37.767,63.50,False,75.0,mismatch
1134,37.8,62.93,False,75.0,mismatch
1135,37.833,63.10,False,75.0,mismatch
1136,37.867,63.10,False,75.0,mismatch
1137,37.9,61.34,False,75.0,mismatch
1138,37.933,61.08,False,75.0,mismatch
1139,37.967,60.95,False,75.0,mismatch
1140,38.0,60.65,False,75.0,mismatch
1141,38.033,60.97,False,75.0,mismatch
1142,38.067,60.67,False,75.0,mismatch
1143,38.1,60.50,False,75.0,mismatch
1144,38.133,60.15,False,75.0,mismatch
1145,38.167,60.64,False,75.0,mismatch
1146,38.2,60.83,False,75.0,mismatch
1147,38.233,61.14,False,75.0,mismatch
1148,38.267,61.47,False,75.0,mismatch
1149,38.3,61.48,False,75.0,mismatch
1150,38.333,61.59,False,75.0,mismatch
1151,38.367,61.18,False,75.0,mismatch
1152,38.4,61.18,False,75.0,mismatch
1153,38.433,61.27,False,75.0,mismatch
1154,38.467,60.88,False,75.0,mismatch
1155,38.5,61.04,False,75.0,mismatch
1156,38.533,61.29,False,75.0,mismatch
1157,38.567,61.57,False,75.0,mismatch
1158,38.6,60.91,False,75.0,mismatch
1159,38.633,61.73,False,75.0,mismatch
1160,38.667,61.78,False,75.0,mismatch
1161,38.7,61.93,False,75.0,mismatch
1162,38.733,62.77,False,75.0,mismatch
1163,38.767,61.73,False,75.0,mismatch
1164,38.8,62.10,False,75.0,mismatch
1165,38.833,62.16,False,75.0,mismatch
1166,38.867,61.98,False,75.0,mismatch
1167,38.9,61.76,False,75.0,mismatch
1168,38.933,62.56,False,75.0,mismatch
1169,38.967,62.26,False,75.0,mismatch
1170,39.0,61.99,False,75.0,mismatch
1171,39.033,61.97,False,75.0,mismatch
1172,39.067,61.97,False,75.0,mismatch
1173,39.1,60.88,False,75.0,mismatch
1174,39.133,61.13,False,75.0,mismatch
1175,39.167,61.12,False,75.0,mismatch
1176,39.2,61.36,False,75.0,mismatch
1177,39.233,61.38,False,75.0,mismatch
1178,39.267,61.09,False,75.0,mismatch
1179,39.3,61.03,False,75.0,mismatch
1180,39.333,61.72,False,75.0,mismatch
1181,39.367,61.85,False,75.0,mismatch
1182,39.4,62.47,False,75.0,mismatch
1183,39.433,60.54,False,75.0,mismatch
1184,39.467,61.76,False,75.0,mismatch
1185,39.5,61.10,False,75.0,mismatch
1186,39.533,60.70,False,75.0,mismatch
1187,39.567,61.30,False,75.0,mismatch
1188,39.6,60.90,False,75.0,mismatch
1189,39.633,60.82,False,75.0,mismatch
1190,39.667,61.46,False,75.0,mismatch
1191,39.7,61.37,False,75.0,mismatch
1192,39.733,61.33,False,75.0,mismatch
1193,39.767,61.28,False,75.0,mismatch
1194,39.8,61.72,False,75.0,mismatch
1195,39.833,61.73,False,75.0,mismatch
1196,39.867,60.14,False,75.0,mismatch
1197,39.9,59.83,False,75.0,mismatch
1198,39.933,61.25,False,75.0,mismatch
1199,39.967,61.19,False,75.0,mismatch
1200,40.0,61.22,False,75.0,mismatch
1201,40.033,61.43,False,75.0,mismatch
1202,40.067,61.50,False,75.0,mismatch
1203,40.1,61.46,False,75.0,mismatch
1204,40.133,61.84,False,75.0,mismatch
1205,40.167,61.94,False,75.0,mismatch
1206,40.2,61.94,False,75.0,mismatch
1207,40.233,61.39,False,75.0,mismatch
1208,40.267,61.39,False,75.0,mismatch
1209,40.3,60.24,False,75.0,mismatch
1210,40.333,60.24,False,75.0,mismatch
1211,40.367,61.80,False,75.0,mismatch
1212,40.4,59.96,False,75.0,mismatch
1213,40.433,59.96,False,75.0,mismatch
1214,40.467,60.29,False,75.0,mismatch
1215,40.5,60.88,False,75.0,mismatch
1216,40.533,60.66,False,75.0,mismatch
1217,40.567,61.47,False,75.0,mismatch
1218,40.6,61.12,False,75.0,mismatch
1219,40.633,60.91,False,75.0,mismatch
1220,40.667,60.81,False,75.0,mismatch
1221,40.7,61.18,False,75.0,mismatch
1222,40.733,61.18,False,75.0,mismatch
1223,40.767,61.28,False,75.0,mismatch
1224,40.8,60.96,False,75.0,mismatch
1225,40.833,61.29,False,75.0,mismatch
1226,40.867,60.54,False,75.0,mismatch
1227,40.9,61.21,False,75.0,mismatch
1228,40.933,60.64,False,75.0,mismatch
1229,40.967,59.83,False,75.0,mismatch
1230,41.0,62.00,False,75.0,mismatch
1231,41.033,61.56,False,75.0,mismatch
1232,41.067,60.36,False,75.0,mismatch
1233,41.1,60.78,False,75.0,mismatch
1234,41.133,62.31,False,75.0,mismatch
1235,41.167,60.64,False,75.0,mismatch
1236,41.2,61.15,False,75.0,mismatch
1237,41.233,61.16,False,75.0,mismatch
1238,41.267,61.85,False,75.0,mismatch
1239,41.3,64.18,False,75.0,mismatch
1240,41.333,63.21,False,75.0,mismatch
1241,41.367,62.42,False,75.0,mismatch
1242,41.4,62.02,False,75.0,mismatch
1243,41.433,64.05,False,75.0,mismatch
1244,41.467,62.78,False,75.0,mismatch
1245,41.5,63.61,False,75.0,mismatch
1246,41.533,64.13,False,75.0,mismatch
1247,41.567,61.96,False,75.0,mismatch
1248,41.6,63.09,False,75.0,mismatch
1249,41.633,62.34,False,75.0,mismatch
1250,41.667,63.30,False,75.0,mismatch
1251,41.7,66.83,False,75.0,mismatch
1252,41.733,66.52,False,75.0,mismatch
1253,41.767,66.09,False,75.0,mismatch
1254,41.8,66.03,False,75.0,mismatch
1255,41.833,66.03,False,75.0,mismatch
1256,41.867,67.06,False,75.0,mismatch
1257,41.9,67.39,False,75.0,mismatch
1258,41.933,67.51,False,75.0,mismatch
1259,41.967,66.96,False,75.0,mismatch
1260,42.0,66.66,False,75.0,mismatch
1261,42.033,67.21,False,75.0,mismatch
1262,42.067,67.14,False,75.0,mismatch
1263,42.1,68.46,False,75.0,mismatch
1264,42.133,67.56,False,75.0,mismatch
1265,42.167,67.98,False,75.0,mismatch
1266,42.2,66.50,False,75.0,mismatch
1267,42.233,65.88,False,75.0,mismatch
1268,42.267,65.34,False,75.0,mismatch
1269,42.3,65.26,False,75.0,mismatch
1270,42.333,66.53,False,75.0,mismatch
1271,42.367,66.55,False,75.0,mismatch
1272,42.4,67.62,False,75.0,mismatch
1273,42.433,67.28,False,75.0,mismatch
1274,42.467,66.40,False,75.0,mismatch
1275,42.5,66.56,False,75.0,mismatch
1276,42.533,66.74,False,75.0,mismatch
1277,42.567,66.30,False,75.0,mismatch
1278,42.6,66.24,False,75.0,mismatch
1279,42.633,66.76,False,75.0,mismatch
1280,42.667,66.68,False,75.0,mismatch
1281,42.7,65.76,False,75.0,mismatch
1282,42.733,66.58,False,75.0,mismatch
1283,42.767,66.65,False,75.0,mismatch
1284,42.8,65.64,False,75.0,mismatch
1285,42.833,66.03,False,75.0,mismatch
1286,42.867,65.80,False,75.0,mismatch
1287,42.9,66.04,False,75.0,mismatch
1288,42.933,66.54,False,75.0,mismatch
1289,42.967,66.61,False,75.0,mismatch
1290,43.0,63.72,False,75.0,mismatch
1291,43.033,63.72,False,75.0,mismatch
1292,43.067,63.93,False,75.0,mismatch
1293,43.1,66.02,False,75.0,mismatch
1294,43.133,66.11,False,75.0,mismatch
1295,43.167,64.70,False,75.0,mismatch
1296,43.2,66.36,False,75.0,mismatch
1297,43.233,66.28,False,75.0,mismatch
1298,43.267,65.67,False,75.0,mismatch
1299,43.3,65.77,False,75.0,mismatch
1300,43.333,65.50,False,75.0,mismatch
1301,43.367,65.27,False,75.0,mismatch
1302,43.4,65.87,False,75.0,mismatch
1303,43.433,65.56,False,75.0,mismatch
1304,43.467,65.14,False,75.0,mismatch
1305,43.5,65.30,False,75.0,mismatch
1306,43.533,66.00,False,75.0,mismatch
1307,43.567,66.31,False,75.0,mismatch
1308,43.6,65.78,False,75.0,mismatch
1309,43.633,67.13,False,75.0,mismatch
1310,43.667,,,75.0,no_face
1311,43.7,62.80,False,75.0,mismatch
1312,43.733,64.40,False,75.0,mismatch
1313,43.767,65.85,False,75.0,mismatch
1314,43.8,65.69,False,75.0,mismatch
1315,43.833,63.63,False,75.0,mismatch
1316,43.867,64.38,False,75.0,mismatch
1317,43.9,64.40,False,75.0,mismatch
1318,43.933,64.40,False,75.0,mismatch
1319,43.967,63.93,False,75.0,mismatch
1320,44.0,64.72,False,75.0,mismatch
1321,44.033,63.00,False,75.0,mismatch
1322,44.067,62.85,False,75.0,mismatch
1323,44.1,63.83,False,75.0,mismatch
1324,44.133,63.28,False,75.0,mismatch
1325,44.167,64.57,False,75.0,mismatch
1326,44.2,62.63,False,75.0,mismatch
1327,44.233,62.44,False,75.0,mismatch
1328,44.267,64.99,False,75.0,mismatch
1329,44.3,64.99,False,75.0,mismatch
1330,44.333,65.11,False,75.0,mismatch
1331,44.367,63.86,False,75.0,mismatch
1332,44.4,65.50,False,75.0,mismatch
1333,44.433,64.08,False,75.0,mismatch
1334,44.467,64.59,False,75.0,mismatch
1335,44.5,64.73,False,75.0,mismatch
1336,44.533,65.62,False,75.0,mismatch
1337,44.567,64.93,False,75.0,mismatch
1338,44.6,64.61,False,75.0,mismatch
1339,44.633,64.84,False,75.0,mismatch
1340,44.667,64.18,False,75.0,mismatch
1341,44.7,64.42,False,75.0,mismatch
1342,44.733,64.75,False,75.0,mismatch
1343,44.767,64.47,False,75.0,mismatch
1344,44.8,64.56,False,75.0,mismatch
1345,44.833,64.91,False,75.0,mismatch
1346,44.867,64.77,False,75.0,mismatch
1347,44.9,64.92,False,75.0,mismatch
1348,44.933,64.94,False,75.0,mismatch
1349,44.967,64.20,False,75.0,mismatch
1350,45.0,64.42,False,75.0,mismatch
1351,45.033,65.32,False,75.0,mismatch
1352,45.067,65.70,False,75.0,mismatch
1353,45.1,65.92,False,75.0,mismatch
1354,45.133,65.92,False,75.0,mismatch
1355,45.167,64.74,False,75.0,mismatch
1356,45.2,64.47,False,75.0,mismatch
1357,45.233,64.44,False,75.0,mismatch
1358,45.267,65.71,False,75.0,mismatch
1359,45.3,65.62,False,75.0,mismatch
1360,45.333,64.91,False,75.0,mismatch
1361,45.367,64.68,False,75.0,mismatch
1362,45.4,65.29,False,75.0,mismatch
1363,45.433,65.27,False,75.0,mismatch
1364,45.467,65.15,False,75.0,mismatch
1365,45.5,65.15,False,75.0,mismatch
1366,45.533,65.47,False,75.0,mismatch
1367,45.567,65.01,False,75.0,mismatch
1368,45.6,65.26,False,75.0,mismatch
1369,45.633,64.24,False,75.0,mismatch
1370,45.667,65.02,False,75.0,mismatch
1371,45.7,62.60,False,75.0,mismatch
1372,45.733,64.10,False,75.0,mismatch
1373,45.767,63.46,False,75.0,mismatch
1374,45.8,63.82,False,75.0,mismatch
1375,45.833,63.05,False,75.0,mismatch
1376,45.867,61.97,False,75.0,mismatch
1377,45.9,62.59,False,75.0,mismatch
1378,45.933,62.05,False,75.0,mismatch
1379,45.967,61.98,False,75.0,mismatch
1380,46.0,61.64,False,75.0,mismatch
1381,46.033,62.28,False,75.0,mismatch
1382,46.067,62.76,False,75.0,mismatch
1383,46.1,62.65,False,75.0,mismatch
1384,46.133,62.22,False,75.0,mismatch
1385,46.167,60.46,False,75.0,mismatch
1386,46.2,61.81,False,75.0,mismatch
1387,46.233,61.21,False,75.0,mismatch
1388,46.267,61.30,False,75.0,mismatch
1389,46.3,61.40,False,75.0,mismatch
1390,46.333,61.44,False,75.0,mismatch
1391,46.367,61.06,False,75.0,mismatch
1392,46.4,61.63,False,75.0,mismatch
1393,46.433,61.51,False,75.0,mismatch
1394,46.467,61.53,False,75.0,mismatch
1395,46.5,60.74,False,75.0,mismatch
1396,46.533,63.29,False,75.0,mismatch
1397,46.567,62.65,False,75.0,mismatch
1398,46.6,62.75,False,75.0,mismatch
1399,46.633,62.75,False,75.0,mismatch
1400,46.667,62.70,False,75.0,mismatch
1401,46.7,62.70,False,75.0,mismatch
1402,46.733,59.67,False,75.0,mismatch
1403,46.767,,,75.0,no_face
1404,46.8,,,75.0,no_face
1405,46.833,63.66,False,75.0,mismatch
1406,46.867,63.45,False,75.0,mismatch
1407,46.9,,,75.0,no_face
1408,46.933,60.39,False,75.0,mismatch
1409,46.967,,,75.0,no_face
1410,47.0,,,75.0,no_face
1411,47.033,,,75.0,no_face
1412,47.067,,,75.0,no_face
1413,47.1,,,75.0,no_face
1414,47.133,,,75.0,no_face
1415,47.167,,,75.0,no_face
1416,47.2,61.91,False,75.0,mismatch
1417,47.233,62.11,False,75.0,mismatch
1418,47.267,61.07,False,75.0,mismatch
1419,47.3,59.84,False,75.0,mismatch
1420,47.333,60.00,False,75.0,mismatch
1421,47.367,61.59,False,75.0,mismatch
1422,47.4,61.36,False,75.0,mismatch
1423,47.433,60.69,False,75.0,mismatch
1424,47.467,60.72,False,75.0,mismatch
1425,47.5,60.66,False,75.0,mismatch
1426,47.533,60.64,False,75.0,mismatch
1427,47.567,63.43,False,75.0,mismatch
1428,47.6,62.28,False,75.0,mismatch
1429,47.633,61.22,False,75.0,mismatch
1430,47.667,63.64,False,75.0,mismatch
1431,47.7,64.77,False,75.0,mismatch
1432,47.733,64.59,False,75.0,mismatch
1433,47.767,64.32,False,75.0,mismatch
1434,47.8,64.12,False,75.0,mismatch
1435,47.833,64.13,False,75.0,mismatch
1436,47.867,64.29,False,75.0,mismatch
1437,47.9,64.29,False,75.0,mismatch
1438,47.933,64.37,False,75.0,mismatch
1439,47.967,65.06,False,75.0,mismatch
1440,48.0,65.14,False,75.0,mismatch
1441,48.033,64.23,False,75.0,mismatch
1442,48.067,66.63,False,75.0,mismatch
1443,48.1,66.99,False,75.0,mismatch
1444,48.133,64.74,False,75.0,mismatch
1445,48.167,65.40,False,75.0,mismatch
1446,48.2,65.40,False,75.0,mismatch
1447,48.233,66.32,False,75.0,mismatch
1448,48.267,64.94,False,75.0,mismatch
1449,48.3,65.72,False,75.0,mismatch
1450,48.333,66.07,False,75.0,mismatch
1451,48.367,65.91,False,75.0,mismatch
1452,48.4,65.69,False,75.0,mismatch
1453,48.433,66.38,False,75.0,mismatch
1454,48.467,65.74,False,75.0,mismatch
1455,48.5,65.62,False,75.0,mismatch
1456,48.533,63.96,False,75.0,mismatch
1457,48.567,63.50,False,75.0,mismatch
1458,48.6,66.23,False,75.0,mismatch
1459,48.633,64.71,False,75.0,mismatch
1460,48.667,64.44,False,75.0,mismatch
1461,48.7,64.71,False,75.0,mismatch
1462,48.733,64.71,False,75.0,mismatch
1463,48.767,64.59,False,75.0,mismatch
1464,48.8,63.48,False,75.0,mismatch
1465,48.833,63.55,False,75.0,mismatch
1466,48.867,63.09,False,75.0,mismatch
1467,48.9,63.15,False,75.0,mismatch
1468,48.933,64.63,False,75.0,mismatch
1469,48.967,64.22,False,75.0,mismatch
1470,49.0,64.11,False,75.0,mismatch
1471,49.033,64.11,False,75.0,mismatch
1472,49.067,64.10,False,75.0,mismatch
1473,49.1,66.17,False,75.0,mismatch
1474,49.133,65.62,False,75.0,mismatch
1475,49.167,65.27,False,75.0,mismatch
1476,49.2,65.27,False,75.0,mismatch
1477,49.233,65.96,False,75.0,mismatch
1478,49.267,66.44,False,75.0,mismatch
1479,49.3,66.52,False,75.0,mismatch
1480,49.333,66.01,False,75.0,mismatch
1481,49.367,65.09,False,75.0,mismatch
1482,49.4,65.20,False,75.0,mismatch
1483,49.433,63.02,False,75.0,mismatch
1484,49.467,63.64,False,75.0,mismatch
1485,49.5,66.07,False,75.0,mismatch
1486,49.533,65.55,False,75.0,mismatch
1487,49.567,65.22,False,75.0,mismatch
1488,49.6,63.87,False,75.0,mismatch
1489,49.633,63.77,False,75.0,mismatch
1490,49.667,60.09,False,75.0,mismatch
1491,49.7,61.11,False,75.0,mismatch
1492,49.733,,,75.0,no_face
1493,49.767,,,75.0,no_face
1494,49.8,,,75.0,no_face
1495,49.833,64.81,False,75.0,mismatch
1496,49.867,64.06,False,75.0,mismatch
1497,49.9,63.56,False,75.0,mismatch
1498,49.933,,,75.0,no_face
1499,49.967,61.82,False,75.0,mismatch
1500,50.0,63.21,False,75.0,mismatch
1501,50.033,63.50,False,75.0,mismatch
1502,50.067,62.99,False,75.0,mismatch
1503,50.1,63.55,False,75.0,mismatch
1504,50.133,,,75.0,no_face
1505,50.167,,,75.0,no_face
1506,50.2,64.57,False,75.0,mismatch
1507,50.233,64.00,False,75.0,mismatch
1508,50.267,60.70,False,75.0,mismatch
1509,50.3,60.28,False,75.0,mismatch
1510,50.333,,,75.0,no_face
1511,50.367,63.24,False,75.0,mismatch
1512,50.4,64.01,False,75.0,mismatch
1513,50.433,,,75.0,no_face
1514,50.467,,,75.0,no_face
1515,50.5,65.47,False,75.0,mismatch
1516,50.533,64.61,False,75.0,mismatch
1517,50.567,,,75.0,no_face
1518,50.6,61.61,False,75.0,mismatch
1519,50.633,,,75.0,no_face
1520,50.667,,,75.0,no_face
1521,50.7,,,75.0,no_face
1522,50.733,,,75.0,no_face
1523,50.767,,,75.0,no_face
1524,50.8,,,75.0,no_face
1525,50.833,,,75.0,no_face
1526,50.867,,,75.0,no_face
1527,50.9,,,75.0,no_face
1528,50.933,,,75.0,no_face
1529,50.967,,,75.0,no_face
1530,51.0,,,75.0,no_face
1531,51.033,,,75.0,no_face
1532,51.067,,,75.0,no_face
1533,51.1,,,75.0,no_face
1534,51.133,,,75.0,no_face
1535,51.167,,,75.0,no_face
1536,51.2,,,75.0,no_face
1537,51.233,,,75.0,no_face
1538,51.267,,,75.0,no_face
1539,51.3,,,75.0,no_face
1540,51.333,,,75.0,no_face
1541,51.367,,,75.0,no_face
1542,51.4,,,75.0,no_face
1543,51.433,,,75.0,no_face
1544,51.467,,,75.0,no_face
1545,51.5,,,75.0,no_face
1546,51.533,,,75.0,no_face
1547,51.567,,,75.0,no_face
1548,51.6,,,75.0,no_face
1549,51.633,,,75.0,no_face
1550,51.667,,,75.0,no_face
1551,51.7,,,75.0,no_face
1552,51.733,,,75.0,no_face
1553,51.767,,,75.0,no_face
1554,51.8,,,75.0,no_face
1555,51.833,,,75.0,no_face
1556,51.867,,,75.0,no_face
1557,51.9,,,75.0,no_face
1558,51.933,,,75.0,no_face
1559,51.967,,,75.0,no_face
1560,52.0,,,75.0,no_face
1561,52.033,,,75.0,no_face
1562,52.067,,,75.0,no_face
1563,52.1,,,75.0,no_face
1564,52.133,,,75.0,no_face
1565,52.167,,,75.0,no_face
1566,52.2,,,75.0,no_face
1567,52.233,,,75.0,no_face
1568,52.267,,,75.0,no_face
1569,52.3,,,75.0,no_face
1570,52.333,,,75.0,no_face
1571,52.367,,,75.0,no_face
1572,52.4,,,75.0,no_face
1573,52.433,,,75.0,no_face
1574,52.467,,,75.0,no_face
1575,52.5,,,75.0,no_face
1576,52.533,,,75.0,no_face
1577,52.567,,,75.0,no_face
1578,52.6,,,75.0,no_face
1579,52.633,,,75.0,no_face
1580,52.667,,,75.0,no_face
1581,52.7,,,75.0,no_face
1582,52.733,,,75.0,no_face
1583,52.767,,,75.0,no_face
1584,52.8,,,75.0,no_face
1585,52.833,,,75.0,no_face
1586,52.867,,,75.0,no_face
1587,52.9,,,75.0,no_face
1588,52.933,65.64,False,75.0,mismatch
1589,52.967,68.07,False,75.0,mismatch
1590,53.0,68.07,False,75.0,mismatch
1591,53.033,69.79,False,75.0,mismatch
1592,53.067,70.26,False,75.0,mismatch
1593,53.1,,,75.0,no_face
1594,53.133,70.55,False,75.0,mismatch
1595,53.167,71.16,False,75.0,mismatch
1596,53.2,66.50,False,75.0,mismatch
1597,53.233,68.35,False,75.0,mismatch
1598,53.267,,,75.0,no_face
1599,53.3,,,75.0,no_face
1600,53.333,67.96,False,75.0,mismatch
1601,53.367,68.81,False,75.0,mismatch
1602,53.4,65.26,False,75.0,mismatch
1603,53.433,65.00,False,75.0,mismatch
1604,53.467,64.49,False,75.0,mismatch
1605,53.5,68.63,False,75.0,mismatch
1606,53.533,68.94,False,75.0,mismatch
1607,53.567,65.69,False,75.0,mismatch
1608,53.6,65.87,False,75.0,mismatch
1609,53.633,64.62,False,75.0,mismatch
1610,53.667,65.63,False,75.0,mismatch
1611,53.7,65.43,False,75.0,mismatch
1612,53.733,67.28,False,75.0,mismatch
1613,53.767,65.95,False,75.0,mismatch
1614,53.8,66.10,False,75.0,mismatch
1615,53.833,65.24,False,75.0,mismatch
1616,53.867,65.55,False,75.0,mismatch
1617,53.9,64.79,False,75.0,mismatch
1618,53.933,65.87,False,75.0,mismatch
1619,53.967,65.84,False,75.0,mismatch
1620,54.0,65.97,False,75.0,mismatch
1621,54.033,65.39,False,75.0,mismatch
1622,54.067,66.53,False,75.0,mismatch
1623,54.1,64.61,False,75.0,mismatch
1624,54.133,63.91,False,75.0,mismatch
1625,54.167,64.19,False,75.0,mismatch
1626,54.2,63.78,False,75.0,mismatch
1627,54.233,63.99,False,75.0,mismatch
1628,54.267,64.82,False,75.0,mismatch
1629,54.3,63.50,False,75.0,mismatch
1630,54.333,64.24,False,75.0,mismatch
1631,54.367,64.00,False,75.0,mismatch
1632,54.4,64.23,False,75.0,mismatch
1633,54.433,64.73,False,75.0,mismatch
1634,54.467,62.45,False,75.0,mismatch
1635,54.5,62.45,False,75.0,mismatch
1636,54.533,63.08,False,75.0,mismatch
1637,54.567,63.64,False,75.0,mismatch
1638,54.6,61.30,False,75.0,mismatch
1639,54.633,61.64,False,75.0,mismatch
1640,54.667,60.61,False,75.0,mismatch
1641,54.7,59.83,False,75.0,mismatch
1642,54.733,58.99,False,75.0,mismatch
1643,54.767,59.31,False,75.0,mismatch
1644,54.8,59.66,False,75.0,mismatch
1645,54.833,60.82,False,75.0,mismatch
1646,54.867,60.05,False,75.0,mismatch
1647,54.9,59.53,False,75.0,mismatch
1648,54.933,59.87,False,75.0,mismatch
1649,54.967,59.97,False,75.0,mismatch
1650,55.0,61.48,False,75.0,mismatch
1651,55.033,61.08,False,75.0,mismatch
1652,55.067,60.88,False,75.0,mismatch
1653,55.1,61.38,False,75.0,mismatch
1654,55.133,60.75,False,75.0,mismatch
1655,55.167,60.80,False,75.0,mismatch
1656,55.2,61.21,False,75.0,mismatch
1657,55.233,61.43,False,75.0,mismatch
1658,55.267,61.09,False,75.0,mismatch
1659,55.3,61.66,False,75.0,mismatch
1660,55.333,60.19,False,75.0,mismatch
1661,55.367,60.49,False,75.0,mismatch
1662,55.4,60.28,False,75.0,mismatch
1663,55.433,62.72,False,75.0,mismatch
1664,55.467,62.71,False,75.0,mismatch
1665,55.5,,,75.0,no_face
1666,55.533,61.15,False,75.0,mismatch
1667,55.567,60.38,False,75.0,mismatch
1668,55.6,60.89,False,75.0,mismatch
1669,55.633,61.05,False,75.0,mismatch
1670,55.667,61.73,False,75.0,mismatch
1671,55.7,62.42,False,75.0,mismatch
1672,55.733,,,75.0,no_face
1673,55.767,,,75.0,no_face
1674,55.8,60.02,False,75.0,mismatch
1675,55.833,60.10,False,75.0,mismatch
1676,55.867,60.85,False,75.0,mismatch
1677,55.9,62.54,False,75.0,mismatch
1678,55.933,,,75.0,no_face
1679,55.967,60.92,False,75.0,mismatch
1680,56.0,60.93,False,75.0,mismatch
1681,56.033,61.47,False,75.0,mismatch
1682,56.067,61.20,False,75.0,mismatch
1683,56.1,64.57,False,75.0,mismatch
1684,56.133,64.25,False,75.0,mismatch
1685,56.167,64.84,False,75.0,mismatch
1686,56.2,65.29,False,75.0,mismatch
1687,56.233,64.73,False,75.0,mismatch
1688,56.267,65.85,False,75.0,mismatch
1689,56.3,66.03,False,75.0,mismatch
1690,56.333,67.55,False,75.0,mismatch
1691,56.367,67.57,False,75.0,mismatch
1692,56.4,69.07,False,75.0,mismatch
1693,56.433,69.24,False,75.0,mismatch
1694,56.467,68.61,False,75.0,mismatch
1695,56.5,69.06,False,75.0,mismatch
1696,56.533,69.94,False,75.0,mismatch
1697,56.567,,,75.0,no_face
1698,56.6,,,75.0,no_face
1699,56.633,,,75.0,no_face
1700,56.667,,,75.0,no_face
1701,56.7,,,75.0,no_face
1702,56.733,68.21,False,75.0,mismatch
1703,56.767,66.96,False,75.0,mismatch
1704,56.8,67.37,False,75.0,mismatch
1705,56.833,66.96,False,75.0,mismatch
1706,56.867,69.22,False,75.0,mismatch
1707,56.9,69.25,False,75.0,mismatch
1708,56.933,69.48,False,75.0,mismatch
1709,56.967,69.18,False,75.0,mismatch
1710,57.0,69.95,False,75.0,mismatch
1711,57.033,69.97,False,75.0,mismatch
1712,57.067,69.22,False,75.0,mismatch
1713,57.1,69.21,False,75.0,mismatch
1714,57.133,69.59,False,75.0,mismatch
1715,57.167,69.59,False,75.0,mismatch
1716,57.2,69.66,False,75.0,mismatch
1717,57.233,69.80,False,75.0,mismatch
1718,57.267,69.78,False,75.0,mismatch
1719,57.3,69.42,False,75.0,mismatch
1720,57.333,70.11,False,75.0,mismatch
1721,57.367,69.88,False,75.0,mismatch
1722,57.4,69.79,False,75.0,mismatch
1723,57.433,69.72,False,75.0,mismatch
1724,57.467,69.57,False,75.0,mismatch
1725,57.5,69.47,False,75.0,mismatch
1726,57.533,69.16,False,75.0,mismatch
1727,57.567,68.31,False,75.0,mismatch
1728,57.6,68.89,False,75.0,mismatch
1729,57.633,68.89,False,75.0,mismatch
1730,57.667,69.37,False,75.0,mismatch
1731,57.7,69.53,False,75.0,mismatch
1732,57.733,68.62,False,75.0,mismatch
1733,57.767,68.83,False,75.0,mismatch
1734,57.8,69.14,False,75.0,mismatch
1735,57.833,67.96,False,75.0,mismatch
1736,57.867,67.67,False,75.0,mismatch
1737,57.9,68.01,False,75.0,mismatch
1738,57.933,67.52,False,75.0,mismatch
1739,57.967,68.06,False,75.0,mismatch
1740,58.0,67.87,False,75.0,mismatch
1741,58.033,67.87,False,75.0,mismatch
1742,58.067,67.34,False,75.0,mismatch
1743,58.1,67.28,False,75.0,mismatch
1744,58.133,66.75,False,75.0,mismatch
1745,58.167,68.25,False,75.0,mismatch
1746,58.2,67.14,False,75.0,mismatch
1747,58.233,70.21,False,75.0,mismatch
1748,58.267,68.74,False,75.0,mismatch
1749,58.3,68.74,False,75.0,mismatch
1750,58.333,68.23,False,75.0,mismatch
1751,58.367,,,75.0,no_face
1752,58.4,66.86,False,75.0,mismatch
1753,58.433,67.00,False,75.0,mismatch
1754,58.467,67.43,False,75.0,mismatch
1755,58.5,66.60,False,75.0,mismatch
1756,58.533,66.29,False,75.0,mismatch
1757,58.567,65.94,False,75.0,mismatch
1758,58.6,68.50,False,75.0,mismatch
1759,58.633,,,75.0,no_face
1760,58.667,,,75.0,no_face
1761,58.7,,,75.0,no_face
1762,58.733,,,75.0,no_face
1763,58.767,,,75.0,no_face
1764,58.8,,,75.0,no_face
1765,58.833,,,75.0,no_face
1766,58.867,,,75.0,no_face
1767,58.9,,,75.0,no_face
1768,58.933,,,75.0,no_face
1769,58.967,,,75.0,no_face
1770,59.0,,,75.0,no_face
1771,59.033,,,75.0,no_face
1772,59.067,,,75.0,no_face
1773,59.1,,,75.0,no_face
1774,59.133,,,75.0,no_face
1775,59.167,,,75.0,no_face
1776,59.2,,,75.0,no_face
1777,59.233,,,75.0,no_face
1778,59.267,,,75.0,no_face
1779,59.3,,,75.0,no_face
1780,59.333,,,75.0,no_face
1781,59.367,,,75.0,no_face
1782,59.4,,,75.0,no_face
1783,59.433,,,75.0,no_face
1784,59.467,,,75.0,no_face
1785,59.5,,,75.0,no_face
1786,59.533,,,75.0,no_face
1787,59.567,,,75.0,no_face
1788,59.6,,,75.0,no_face
1789,59.633,,,75.0,no_face
1790,59.667,,,75.0,no_face
1791,59.7,,,75.0,no_face
1792,59.733,,,75.0,no_face
1793,59.767,67.86,False,75.0,mismatch
1794,59.8,67.09,False,75.0,mismatch
1795,59.833,66.58,False,75.0,mismatch
1796,59.867,,,75.0,no_face
1797,59.9,68.18,False,75.0,mismatch
1798,59.933,,,75.0,no_face
1799,59.967,,,75.0,no_face
1800,60.0,68.79,False,75.0,mismatch
1801,60.033,68.24,False,75.0,mismatch
1802,60.067,,,75.0,no_face
1803,60.1,,,75.0,no_face
1804,60.133,,,75.0,no_face
1805,60.167,,,75.0,no_face
1806,60.2,,,75.0,no_face
1807,60.233,,,75.0,no_face
1808,60.267,,,75.0,no_face
1809,60.3,68.64,False,75.0,mismatch
1810,60.333,68.64,False,75.0,mismatch
1811,60.367,68.41,False,75.0,mismatch
1812,60.4,64.51,False,75.0,mismatch
1813,60.433,65.65,False,75.0,mismatch
1814,60.467,66.79,False,75.0,mismatch
1815,60.5,64.72,False,75.0,mismatch
1816,60.533,65.76,False,75.0,mismatch
1817,60.567,71.00,False,75.0,mismatch
1818,60.6,67.61,False,75.0,mismatch
1819,60.633,68.18,False,75.0,mismatch
1820,60.667,69.62,False,75.0,mismatch
1821,60.7,69.62,False,75.0,mismatch
1822,60.733,68.06,False,75.0,mismatch
1823,60.767,,,75.0,no_face
1824,60.8,,,75.0,no_face
1825,60.833,69.19,False,75.0,mismatch
1826,60.867,69.31,False,75.0,mismatch
1827,60.9,70.40,False,75.0,mismatch
1828,60.933,69.16,False,75.0,mismatch
1829,60.967,69.01,False,75.0,mismatch
1830,61.0,69.20,False,75.0,mismatch
1831,61.033,67.72,False,75.0,mismatch
1832,61.067,68.72,False,75.0,mismatch
1833,61.1,68.41,False,75.0,mismatch
1834,61.133,68.61,False,75.0,mismatch
1835,61.167,68.67,False,75.0,mismatch
1836,61.2,69.14,False,75.0,mismatch
1837,61.233,68.71,False,75.0,mismatch
1838,61.267,68.96,False,75.0,mismatch
1839,61.3,68.96,False,75.0,mismatch
1840,61.333,68.20,False,75.0,mismatch
1841,61.367,68.78,False,75.0,mismatch
1842,61.4,68.92,False,75.0,mismatch
1843,61.433,66.94,False,75.0,mismatch
1844,61.467,68.14,False,75.0,mismatch
1845,61.5,,,75.0,no_face
1846,61.533,,,75.0,no_face
1847,61.567,,,75.0,no_face
1848,61.6,,,75.0,no_face
1849,61.633,,,75.0,no_face
1850,61.667,,,75.0,no_face
1851,61.7,,,75.0,no_face
1852,61.733,,,75.0,no_face
1853,61.767,,,75.0,no_face
1854,61.8,,,75.0,no_face
1855,61.833,,,75.0,no_face
1856,61.867,,,75.0,no_face
1857,61.9,,,75.0,no_face
1858,61.933,,,75.0,no_face
1859,61.967,,,75.0,no_face
1860,62.0,,,75.0,no_face
1861,62.033,,,75.0,no_face
1862,62.067,,,75.0,no_face
1863,62.1,,,75.0,no_face
1864,62.133,,,75.0,no_face
1865,62.167,,,75.0,no_face
1866,62.2,,,75.0,no_face
1867,62.233,,,75.0,no_face
1868,62.267,,,75.0,no_face
1869,62.3,,,75.0,no_face
1870,62.333,,,75.0,no_face
1871,62.367,,,75.0,no_face
1872,62.4,,,75.0,no_face
1873,62.433,,,75.0,no_face
1874,62.467,,,75.0,no_face
1875,62.5,,,75.0,no_face
1876,62.533,,,75.0,no_face
1877,62.567,,,75.0,no_face
1878,62.6,,,75.0,no_face
1879,62.633,,,75.0,no_face
1880,62.667,,,75.0,no_face
1881,62.7,,,75.0,no_face
1882,62.733,,,75.0,no_face
1883,62.767,,,75.0,no_face
1884,62.8,,,75.0,no_face
1885,62.833,,,75.0,no_face
1886,62.867,,,75.0,no_face
1887,62.9,,,75.0,no_face
1888,62.933,,,75.0,no_face
1889,62.967,,,75.0,no_face
1890,63.0,,,75.0,no_face
1891,63.033,,,75.0,no_face
1892,63.067,,,75.0,no_face
1893,63.1,,,75.0,no_face
1894,63.133,,,75.0,no_face
1895,63.167,,,75.0,no_face
1896,63.2,,,75.0,no_face
1897,63.233,,,75.0,no_face
1898,63.267,,,75.0,no_face
1899,63.3,,,75.0,no_face
1900,63.333,,,75.0,no_face
1901,63.367,,,75.0,no_face
1902,63.4,,,75.0,no_face
1903,63.433,,,75.0,no_face
1904,63.467,,,75.0,no_face
1905,63.5,,,75.0,no_face
1906,63.533,,,75.0,no_face
1907,63.567,,,75.0,no_face
1908,63.6,,,75.0,no_face
1909,63.633,,,75.0,no_face
1910,63.667,,,75.0,no_face
1911,63.7,,,75.0,no_face
1912,63.733,,,75.0,no_face
1913,63.767,,,75.0,no_face
1914,63.8,,,75.0,no_face
1915,63.833,,,75.0,no_face
1916,63.867,,,75.0,no_face
1917,63.9,,,75.0,no_face
1918,63.933,,,75.0,no_face
1919,63.967,,,75.0,no_face
1920,64.0,,,75.0,no_face
1921,64.033,,,75.0,no_face
1922,64.067,68.63,False,75.0,mismatch
1923,64.1,,,75.0,no_face
1924,64.133,69.82,False,75.0,mismatch
1925,64.167,69.34,False,75.0,mismatch
1926,64.2,69.84,False,75.0,mismatch
1927,64.233,69.77,False,75.0,mismatch
1928,64.267,68.51,False,75.0,mismatch
1929,64.3,68.51,False,75.0,mismatch
1930,64.333,68.41,False,75.0,mismatch
1931,64.367,68.60,False,75.0,mismatch
1932,64.4,69.31,False,75.0,mismatch
1933,64.433,69.56,False,75.0,mismatch
1934,64.467,69.54,False,75.0,mismatch
1935,64.5,69.44,False,75.0,mismatch
1936,64.533,69.52,False,75.0,mismatch
1937,64.567,69.79,False,75.0,mismatch
1938,64.6,69.79,False,75.0,mismatch
1939,64.633,69.57,False,75.0,mismatch
1940,64.667,69.42,False,75.0,mismatch
1941,64.7,,,75.0,no_face
1942,64.733,,,75.0,no_face
1943,64.767,67.35,False,75.0,mismatch
1944,64.8,,,75.0,no_face
1945,64.833,,,75.0,no_face
1946,64.867,,,75.0,no_face
1947,64.9,,,75.0,no_face
1948,64.933,,,75.0,no_face
1949,64.967,,,75.0,no_face
1950,65.0,,,75.0,no_face
1951,65.033,68.26,False,75.0,mismatch
1952,65.067,69.25,False,75.0,mismatch
1953,65.1,,,75.0,no_face
1954,65.133,,,75.0,no_face
1955,65.167,,,75.0,no_face
1956,65.2,,,75.0,no_face
1957,65.233,66.20,False,75.0,mismatch
1958,65.267,67.85,False,75.0,mismatch
1959,65.3,68.35,False,75.0,mismatch
1960,65.333,66.58,False,75.0,mismatch
1961,65.367,66.53,False,75.0,mismatch
1962,65.4,,,75.0,no_face
1963,65.433,,,75.0,no_face
1964,65.467,,,75.0,no_face
1965,65.5,,,75.0,no_face
1966,65.533,65.13,False,75.0,mismatch
1967,65.567,66.32,False,75.0,mismatch
1968,65.6,66.17,False,75.0,mismatch
1969,65.633,65.19,False,75.0,mismatch
1970,65.667,66.04,False,75.0,mismatch
1971,65.7,68.74,False,75.0,mismatch
1972,65.733,68.42,False,75.0,mismatch
1973,65.767,67.90,False,75.0,mismatch
1974,65.8,68.69,False,75.0,mismatch
1975,65.833,65.65,False,75.0,mismatch
1976,65.867,65.40,False,75.0,mismatch
1977,65.9,66.34,False,75.0,mismatch
1978,65.933,68.62,False,75.0,mismatch
1979,65.967,68.17,False,75.0,mismatch
1980,66.0,68.38,False,75.0,mismatch
1981,66.033,68.36,False,75.0,mismatch
1982,66.067,68.86,False,75.0,mismatch
1983,66.1,68.29,False,75.0,mismatch
1984,66.133,68.16,False,75.0,mismatch
1985,66.167,66.73,False,75.0,mismatch
1986,66.2,67.91,False,75.0,mismatch
1987,66.233,67.43,False,75.0,mismatch
1988,66.267,67.36,False,75.0,mismatch
1989,66.3,66.38,False,75.0,mismatch
1990,66.333,67.67,False,75.0,mismatch
1991,66.367,65.67,False,75.0,mismatch
1992,66.4,67.01,False,75.0,mismatch
1993,66.433,66.45,False,75.0,mismatch
1994,66.467,65.88,False,75.0,mismatch
1995,66.5,65.87,False,75.0,mismatch
1996,66.533,66.96,False,75.0,mismatch
1997,66.567,68.53,False,75.0,mismatch
1998,66.6,67.34,False,75.0,mismatch
1999,66.633,66.98,False,75.0,mismatch
2000,66.667,67.72,False,75.0,mismatch
2001,66.7,68.95,False,75.0,mismatch
2002,66.733,67.42,False,75.0,mismatch
2003,66.767,67.42,False,75.0,mismatch
2004,66.8,68.74,False,75.0,mismatch
2005,66.833,68.88,False,75.0,mismatch
2006,66.867,67.54,False,75.0,mismatch
2007,66.9,67.29,False,75.0,mismatch
2008,66.933,66.57,False,75.0,mismatch
2009,66.967,66.28,False,75.0,mismatch
2010,67.0,68.82,False,75.0,mismatch
2011,67.033,67.05,False,75.0,mismatch
2012,67.067,67.53,False,75.0,mismatch
2013,67.1,68.50,False,75.0,mismatch
2014,67.133,67.55,False,75.0,mismatch
2015,67.167,67.95,False,75.0,mismatch
2016,67.2,67.41,False,75.0,mismatch
2017,67.233,68.48,False,75.0,mismatch
2018,67.267,66.99,False,75.0,mismatch
2019,67.3,67.49,False,75.0,mismatch
2020,67.333,66.19,False,75.0,mismatch
2021,67.367,66.36,False,75.0,mismatch
2022,67.4,66.51,False,75.0,mismatch
2023,67.433,66.51,False,75.0,mismatch
2024,67.467,67.02,False,75.0,mismatch
2025,67.5,64.60,False,75.0,mismatch
2026,67.533,66.88,False,75.0,mismatch
2027,67.567,67.71,False,75.0,mismatch
2028,67.6,66.57,False,75.0,mismatch
2029,67.633,66.49,False,75.0,mismatch
2030,67.667,66.66,False,75.0,mismatch
2031,67.7,65.73,False,75.0,mismatch
2032,67.733,65.41,False,75.0,mismatch
2033,67.767,65.87,False,75.0,mismatch
2034,67.8,65.08,False,75.0,mismatch
2035,67.833,66.11,False,75.0,mismatch
2036,67.867,65.62,False,75.0,mismatch
2037,67.9,64.93,False,75.0,mismatch
2038,67.933,63.25,False,75.0,mismatch
2039,67.967,63.23,False,75.0,mismatch
2040,68.0,64.69,False,75.0,mismatch
2041,68.033,64.33,False,75.0,mismatch
2042,68.067,65.04,False,75.0,mismatch
2043,68.1,64.92,False,75.0,mismatch
2044,68.133,64.71,False,75.0,mismatch
2045,68.167,66.65,False,75.0,mismatch
2046,68.2,64.79,False,75.0,mismatch
2047,68.233,64.58,False,75.0,mismatch
2048,68.267,64.61,False,75.0,mismatch
2049,68.3,64.11,False,75.0,mismatch
2050,68.333,64.79,False,75.0,mismatch
2051,68.367,64.41,False,75.0,mismatch
2052,68.4,65.34,False,75.0,mismatch
2053,68.433,63.71,False,75.0,mismatch
2054,68.467,65.65,False,75.0,mismatch
2055,68.5,64.02,False,75.0,mismatch
2056,68.533,65.49,False,75.0,mismatch
2057,68.567,65.45,False,75.0,mismatch
2058,68.6,65.91,False,75.0,mismatch
2059,68.633,65.91,False,75.0,mismatch
2060,68.667,64.52,False,75.0,mismatch
2061,68.7,64.89,False,75.0,mismatch
2062,68.733,66.53,False,75.0,mismatch
2063,68.767,67.28,False,75.0,mismatch
2064,68.8,66.33,False,75.0,mismatch
2065,68.833,66.69,False,75.0,mismatch
2066,68.867,66.38,False,75.0,mismatch
2067,68.9,67.15,False,75.0,mismatch
2068,68.933,67.36,False,75.0,mismatch
2069,68.967,67.16,False,75.0,mismatch
2070,69.0,66.82,False,75.0,mismatch
2071,69.033,66.78,False,75.0,mismatch
2072,69.067,67.60,False,75.0,mismatch
2073,69.1,67.76,False,75.0,mismatch
2074,69.133,65.05,False,75.0,mismatch
2075,69.167,65.07,False,75.0,mismatch
2076,69.2,65.11,False,75.0,mismatch
2077,69.233,65.45,False,75.0,mismatch
2078,69.267,64.95,False,75.0,mismatch
2079,69.3,65.33,False,75.0,mismatch
2080,69.333,64.60,False,75.0,mismatch
2081,69.367,63.36,False,75.0,mismatch
2082,69.4,63.17,False,75.0,mismatch
2083,69.433,62.88,False,75.0,mismatch
2084,69.467,62.88,False,75.0,mismatch
2085,69.5,64.52,False,75.0,mismatch
2086,69.533,64.45,False,75.0,mismatch
2087,69.567,62.97,False,75.0,mismatch
2088,69.6,64.16,False,75.0,mismatch
2089,69.633,64.25,False,75.0,mismatch
2090,69.667,64.55,False,75.0,mismatch
2091,69.7,64.72,False,75.0,mismatch
2092,69.733,64.59,False,75.0,mismatch
2093,69.767,65.00,False,75.0,mismatch
2094,69.8,65.45,False,75.0,mismatch
2095,69.833,65.46,False,75.0,mismatch
2096,69.867,64.10,False,75.0,mismatch
2097,69.9,64.56,False,75.0,mismatch
2098,69.933,64.48,False,75.0,mismatch
2099,69.967,66.48,False,75.0,mismatch
2100,70.0,65.77,False,75.0,mismatch
2101,70.033,65.36,False,75.0,mismatch
2102,70.067,65.30,False,75.0,mismatch
2103,70.1,65.78,False,75.0,mismatch
2104,70.133,66.21,False,75.0,mismatch
2105,70.167,63.96,False,75.0,mismatch
2106,70.2,63.96,False,75.0,mismatch
2107,70.233,64.12,False,75.0,mismatch
2108,70.267,63.20,False,75.0,mismatch
2109,70.3,63.20,False,75.0,mismatch
2110,70.333,64.14,False,75.0,mismatch
2111,70.367,62.85,False,75.0,mismatch
2112,70.4,63.02,False,75.0,mismatch
2113,70.433,63.02,False,75.0,mismatch
2114,70.467,64.56,False,75.0,mismatch
2115,70.5,64.77,False,75.0,mismatch
2116,70.533,63.62,False,75.0,mismatch
2117,70.567,65.06,False,75.0,mismatch
2118,70.6,64.89,False,75.0,mismatch
2119,70.633,64.79,False,75.0,mismatch
2120,70.667,64.78,False,75.0,mismatch
2121,70.7,64.92,False,75.0,mismatch
2122,70.733,65.58,False,75.0,mismatch
2123,70.767,65.48,False,75.0,mismatch
2124,70.8,65.00,False,75.0,mismatch
2125,70.833,64.49,False,75.0,mismatch
2126,70.867,64.56,False,75.0,mismatch
2127,70.9,63.21,False,75.0,mismatch
2128,70.933,64.55,False,75.0,mismatch
2129,70.967,64.55,False,75.0,mismatch
2130,71.0,64.43,False,75.0,mismatch
2131,71.033,64.51,False,75.0,mismatch
2132,71.067,63.96,False,75.0,mismatch
2133,71.1,63.89,False,75.0,mismatch
2134,71.133,64.47,False,75.0,mismatch
2135,71.167,64.07,False,75.0,mismatch
2136,71.2,64.01,False,75.0,mismatch
2137,71.233,63.76,False,75.0,mismatch
2138,71.267,64.23,False,75.0,mismatch
2139,71.3,64.46,False,75.0,mismatch
2140,71.333,64.49,False,75.0,mismatch
2141,71.367,64.05,False,75.0,mismatch
2142,71.4,64.89,False,75.0,mismatch
2143,71.433,65.04,False,75.0,mismatch
2144,71.467,64.02,False,75.0,mismatch
2145,71.5,63.89,False,75.0,mismatch
2146,71.533,63.93,False,75.0,mismatch
2147,71.567,63.63,False,75.0,mismatch
2148,71.6,63.93,False,75.0,mismatch
2149,71.633,63.93,False,75.0,mismatch
2150,71.667,63.60,False,75.0,mismatch
2151,71.7,64.46,False,75.0,mismatch
2152,71.733,64.04,False,75.0,mismatch
2153,71.767,64.28,False,75.0,mismatch
2154,71.8,63.45,False,75.0,mismatch
2155,71.833,63.22,False,75.0,mismatch
2156,71.867,63.50,False,75.0,mismatch
2157,71.9,63.28,False,75.0,mismatch
2158,71.933,62.42,False,75.0,mismatch
2159,71.967,61.94,False,75.0,mismatch
2160,72.0,62.26,False,75.0,mismatch
2161,72.033,62.53,False,75.0,mismatch
2162,72.067,60.47,False,75.0,mismatch
2163,72.1,62.54,False,75.0,mismatch
2164,72.133,62.08,False,75.0,mismatch
2165,72.167,61.31,False,75.0,mismatch
2166,72.2,63.49,False,75.0,mismatch
2167,72.233,63.53,False,75.0,mismatch
2168,72.267,61.19,False,75.0,mismatch
2169,72.3,61.04,False,75.0,mismatch
2170,72.333,61.66,False,75.0,mismatch
2171,72.367,61.49,False,75.0,mismatch
2172,72.4,63.24,False,75.0,mismatch
2173,72.433,61.37,False,75.0,mismatch
2174,72.467,61.16,False,75.0,mismatch
2175,72.5,61.67,False,75.0,mismatch
2176,72.533,60.54,False,75.0,mismatch
2177,72.567,61.11,False,75.0,mismatch
2178,72.6,61.31,False,75.0,mismatch
2179,72.633,61.11,False,75.0,mismatch
2180,72.667,,,75.0,no_face
2181,72.7,,,75.0,no_face
2182,72.733,64.98,False,75.0,mismatch
2183,72.767,64.91,False,75.0,mismatch
2184,72.8,63.16,False,75.0,mismatch
2185,72.833,62.38,False,75.0,mismatch
2186,72.867,63.18,False,75.0,mismatch
2187,72.9,,,75.0,no_face
2188,72.933,,,75.0,no_face
2189,72.967,62.76,False,75.0,mismatch
2190,73.0,62.86,False,75.0,mismatch
2191,73.033,62.77,False,75.0,mismatch
2192,73.067,61.14,False,75.0,mismatch
2193,73.1,61.49,False,75.0,mismatch
2194,73.133,61.00,False,75.0,mismatch
2195,73.167,59.13,False,75.0,mismatch
2196,73.2,59.60,False,75.0,mismatch
2197,73.233,60.04,False,75.0,mismatch
2198,73.267,59.70,False,75.0,mismatch
2199,73.3,59.93,False,75.0,mismatch
2200,73.333,59.36,False,75.0,mismatch
2201,73.367,58.99,False,75.0,mismatch
2202,73.4,59.46,False,75.0,mismatch
2203,73.433,59.60,False,75.0,mismatch
2204,73.467,61.10,False,75.0,mismatch
2205,73.5,61.01,False,75.0,mismatch
2206,73.533,59.85,False,75.0,mismatch
2207,73.567,59.16,False,75.0,mismatch
2208,73.6,61.22,False,75.0,mismatch
2209,73.633,60.29,False,75.0,mismatch
2210,73.667,59.14,False,75.0,mismatch
2211,73.7,61.11,False,75.0,mismatch
2212,73.733,61.50,False,75.0,mismatch
2213,73.767,61.31,False,75.0,mismatch
2214,73.8,61.48,False,75.0,mismatch
2215,73.833,63.52,False,75.0,mismatch
2216,73.867,63.64,False,75.0,mismatch
2217,73.9,63.61,False,75.0,mismatch
2218,73.933,62.85,False,75.0,mismatch
2219,73.967,63.27,False,75.0,mismatch
2220,74.0,62.97,False,75.0,mismatch
2221,74.033,62.80,False,75.0,mismatch
2222,74.067,63.47,False,75.0,mismatch
2223,74.1,63.35,False,75.0,mismatch
2224,74.133,63.54,False,75.0,mismatch
2225,74.167,62.81,False,75.0,mismatch
2226,74.2,63.67,False,75.0,mismatch
2227,74.233,64.41,False,75.0,mismatch
2228,74.267,64.64,False,75.0,mismatch
2229,74.3,63.57,False,75.0,mismatch
2230,74.333,63.51,False,75.0,mismatch
2231,74.367,64.36,False,75.0,mismatch
2232,74.4,62.67,False,75.0,mismatch
2233,74.433,62.84,False,75.0,mismatch
2234,74.467,62.45,False,75.0,mismatch
2235,74.5,62.96,False,75.0,mismatch
2236,74.533,63.97,False,75.0,mismatch
2237,74.567,64.86,False,75.0,mismatch
2238,74.6,59.56,False,75.0,mismatch
2239,74.633,65.80,False,75.0,mismatch
2240,74.667,65.90,False,75.0,mismatch
2241,74.7,64.50,False,75.0,mismatch
2242,74.733,65.65,False,75.0,mismatch
2243,74.767,65.69,False,75.0,mismatch
2244,74.8,63.92,False,75.0,mismatch
2245,74.833,65.33,False,75.0,mismatch
2246,74.867,64.36,False,75.0,mismatch
2247,74.9,66.77,False,75.0,mismatch
2248,74.933,66.09,False,75.0,mismatch
2249,74.967,62.18,False,75.0,mismatch
2250,75.0,63.07,False,75.0,mismatch
2251,75.033,63.02,False,75.0,mismatch
2252,75.067,63.02,False,75.0,mismatch
2253,75.1,63.47,False,75.0,mismatch
2254,75.133,62.60,False,75.0,mismatch
2255,75.167,62.44,False,75.0,mismatch
2256,75.2,63.64,False,75.0,mismatch
2257,75.233,62.68,False,75.0,mismatch
2258,75.267,62.73,False,75.0,mismatch
2259,75.3,63.45,False,75.0,mismatch
2260,75.333,64.41,False,75.0,mismatch
2261,75.367,64.12,False,75.0,mismatch
2262,75.4,63.74,False,75.0,mismatch
2263,75.433,64.31,False,75.0,mismatch
2264,75.467,65.26,False,75.0,mismatch
2265,75.5,66.39,False,75.0,mismatch
2266,75.533,64.44,False,75.0,mismatch
2267,75.567,64.80,False,75.0,mismatch
2268,75.6,65.05,False,75.0,mismatch
2269,75.633,64.85,False,75.0,mismatch
2270,75.667,66.11,False,75.0,mismatch
2271,75.7,64.12,False,75.0,mismatch
2272,75.733,66.15,False,75.0,mismatch
2273,75.767,66.50,False,75.0,mismatch
2274,75.8,65.70,False,75.0,mismatch
2275,75.833,63.23,False,75.0,mismatch
2276,75.867,65.83,False,75.0,mismatch
2277,75.9,65.30,False,75.0,mismatch
2278,75.933,62.72,False,75.0,mismatch
2279,75.967,63.44,False,75.0,mismatch
2280,76.0,62.71,False,75.0,mismatch
2281,76.033,64.54,False,75.0,mismatch
2282,76.067,65.04,False,75.0,mismatch
2283,76.1,63.69,False,75.0,mismatch
2284,76.133,66.93,False,75.0,mismatch
2285,76.167,62.87,False,75.0,mismatch
2286,76.2,62.87,False,75.0,mismatch
2287,76.233,65.47,False,75.0,mismatch
2288,76.267,63.97,False,75.0,mismatch
2289,76.3,65.78,False,75.0,mismatch
2290,76.333,63.45,False,75.0,mismatch
2291,76.367,64.12,False,75.0,mismatch
2292,76.4,,,75.0,no_face
2293,76.433,,,75.0,no_face
2294,76.467,,,75.0,no_face
2295,76.5,,,75.0,no_face
2296,76.533,,,75.0,no_face
2297,76.567,,,75.0,no_face
2298,76.6,,,75.0,no_face
2299,76.633,,,75.0,no_face
2300,76.667,,,75.0,no_face
2301,76.7,,,75.0,no_face
2302,76.733,,,75.0,no_face
2303,76.767,,,75.0,no_face
2304,76.8,,,75.0,no_face
2305,76.833,,,75.0,no_face
2306,76.867,,,75.0,no_face
2307,76.9,,,75.0,no_face
2308,76.933,62.86,False,75.0,mismatch
2309,76.967,62.64,False,75.0,mismatch
2310,77.0,64.35,False,75.0,mismatch
2311,77.033,63.40,False,75.0,mismatch
2312,77.067,63.79,False,75.0,mismatch
2313,77.1,63.79,False,75.0,mismatch
2314,77.133,65.04,False,75.0,mismatch
2315,77.167,63.31,False,75.0,mismatch
2316,77.2,64.21,False,75.0,mismatch
2317,77.233,63.08,False,75.0,mismatch
2318,77.267,63.14,False,75.0,mismatch
2319,77.3,,,75.0,no_face
2320,77.333,,,75.0,no_face
2321,77.367,,,75.0,no_face
2322,77.4,,,75.0,no_face
2323,77.433,,,75.0,no_face
2324,77.467,,,75.0,no_face
2325,77.5,63.94,False,75.0,mismatch
2326,77.533,62.42,False,75.0,mismatch
2327,77.567,,,75.0,no_face
2328,77.6,62.60,False,75.0,mismatch
2329,77.633,63.21,False,75.0,mismatch
2330,77.667,62.78,False,75.0,mismatch
2331,77.7,62.44,False,75.0,mismatch
2332,77.733,62.38,False,75.0,mismatch
2333,77.767,62.38,False,75.0,mismatch
2334,77.8,62.90,False,75.0,mismatch
2335,77.833,62.03,False,75.0,mismatch
2336,77.867,62.26,False,75.0,mismatch
2337,77.9,62.54,False,75.0,mismatch
2338,77.933,62.88,False,75.0,mismatch
2339,77.967,64.00,False,75.0,mismatch
2340,78.0,63.92,False,75.0,mismatch
2341,78.033,64.60,False,75.0,mismatch
2342,78.067,63.35,False,75.0,mismatch
2343,78.1,63.91,False,75.0,mismatch
2344,78.133,64.16,False,75.0,mismatch
2345,78.167,64.20,False,75.0,mismatch
2346,78.2,63.66,False,75.0,mismatch
2347,78.233,62.56,False,75.0,mismatch
2348,78.267,63.36,False,75.0,mismatch
2349,78.3,63.34,False,75.0,mismatch
2350,78.333,62.34,False,75.0,mismatch
2351,78.367,62.87,False,75.0,mismatch
2352,78.4,63.37,False,75.0,mismatch
2353,78.433,62.24,False,75.0,mismatch
2354,78.467,62.30,False,75.0,mismatch
2355,78.5,63.16,False,75.0,mismatch
2356,78.533,62.64,False,75.0,mismatch
2357,78.567,62.70,False,75.0,mismatch
2358,78.6,62.75,False,75.0,mismatch
2359,78.633,63.97,False,75.0,mismatch
2360,78.667,64.16,False,75.0,mismatch
2361,78.7,62.54,False,75.0,mismatch
2362,78.733,62.62,False,75.0,mismatch
2363,78.767,63.14,False,75.0,mismatch
2364,78.8,63.36,False,75.0,mismatch
2365,78.833,61.90,False,75.0,mismatch
2366,78.867,61.97,False,75.0,mismatch
2367,78.9,62.76,False,75.0,mismatch
2368,78.933,62.56,False,75.0,mismatch
2369,78.967,62.34,False,75.0,mismatch
2370,79.0,,,75.0,no_face
2371,79.033,62.10,False,75.0,mismatch
2372,79.067,62.13,False,75.0,mismatch
2373,79.1,62.09,False,75.0,mismatch
2374,79.133,62.19,False,75.0,mismatch
2375,79.167,62.07,False,75.0,mismatch
2376,79.2,62.07,False,75.0,mismatch
2377,79.233,,,75.0,no_face
2378,79.267,,,75.0,no_face
2379,79.3,,,75.0,no_face
2380,79.333,60.26,False,75.0,mismatch
2381,79.367,59.76,False,75.0,mismatch
2382,79.4,,,75.0,no_face
2383,79.433,,,75.0,no_face
2384,79.467,60.86,False,75.0,mismatch
2385,79.5,60.83,False,75.0,mismatch
2386,79.533,61.98,False,75.0,mismatch
2387,79.567,58.66,False,75.0,mismatch
2388,79.6,59.85,False,75.0,mismatch
2389,79.633,60.09,False,75.0,mismatch
2390,79.667,59.66,False,75.0,mismatch
2391,79.7,61.60,False,75.0,mismatch
2392,79.733,59.69,False,75.0,mismatch
2393,79.767,59.42,False,75.0,mismatch
2394,79.8,59.42,False,75.0,mismatch
2395,79.833,58.68,False,75.0,mismatch
2396,79.867,58.68,False,75.0,mismatch
2397,79.9,58.77,False,75.0,mismatch
2398,79.933,58.24,False,75.0,mismatch
2399,79.967,61.09,False,75.0,mismatch
2400,80.0,62.02,False,75.0,mismatch
2401,80.033,61.03,False,75.0,mismatch
2402,80.067,60.66,False,75.0,mismatch
2403,80.1,61.91,False,75.0,mismatch
2404,80.133,57.75,False,75.0,mismatch
2405,80.167,57.86,False,75.0,mismatch
2406,80.2,57.93,False,75.0,mismatch
2407,80.233,57.93,False,75.0,mismatch
2408,80.267,58.21,False,75.0,mismatch
2409,80.3,60.23,False,75.0,mismatch
2410,80.333,61.14,False,75.0,mismatch
2411,80.367,59.35,False,75.0,mismatch
2412,80.4,60.19,False,75.0,mismatch
2413,80.433,61.47,False,75.0,mismatch
2414,80.467,59.86,False,75.0,mismatch
2415,80.5,61.95,False,75.0,mismatch
2416,80.533,59.61,False,75.0,mismatch
2417,80.567,59.50,False,75.0,mismatch
2418,80.6,61.14,False,75.0,mismatch
2419,80.633,60.63,False,75.0,mismatch
2420,80.667,60.48,False,75.0,mismatch
2421,80.7,60.21,False,75.0,mismatch
2422,80.733,59.35,False,75.0,mismatch
2423,80.767,59.05,False,75.0,mismatch
2424,80.8,58.97,False,75.0,mismatch
2425,80.833,59.21,False,75.0,mismatch
2426,80.867,59.76,False,75.0,mismatch
2427,80.9,58.94,False,75.0,mismatch
2428,80.933,59.75,False,75.0,mismatch
2429,80.967,59.75,False,75.0,mismatch
2430,81.0,59.20,False,75.0,mismatch
2431,81.033,59.01,False,75.0,mismatch
2432,81.067,59.01,False,75.0,mismatch
2433,81.1,58.28,False,75.0,mismatch
2434,81.133,58.28,False,75.0,mismatch
2435,81.167,59.21,False,75.0,mismatch
2436,81.2,59.01,False,75.0,mismatch
2437,81.233,57.97,False,75.0,mismatch
2438,81.267,58.65,False,75.0,mismatch
2439,81.3,57.93,False,75.0,mismatch
2440,81.333,57.94,False,75.0,mismatch
2441,81.367,57.83,False,75.0,mismatch
2442,81.4,57.86,False,75.0,mismatch
2443,81.433,58.55,False,75.0,mismatch
2444,81.467,58.34,False,75.0,mismatch
2445,81.5,58.74,False,75.0,mismatch
2446,81.533,58.71,False,75.0,mismatch
2447,81.567,58.49,False,75.0,mismatch
2448,81.6,58.71,False,75.0,mismatch
2449,81.633,59.53,False,75.0,mismatch
2450,81.667,58.49,False,75.0,mismatch
2451,81.7,58.85,False,75.0,mismatch
2452,81.733,58.64,False,75.0,mismatch
2453,81.767,58.19,False,75.0,mismatch
2454,81.8,58.19,False,75.0,mismatch
2455,81.833,58.51,False,75.0,mismatch
2456,81.867,59.52,False,75.0,mismatch
2457,81.9,57.34,False,75.0,mismatch
2458,81.933,59.17,False,75.0,mismatch
2459,81.967,59.17,False,75.0,mismatch
2460,82.0,59.53,False,75.0,mismatch
2461,82.033,57.95,False,75.0,mismatch
2462,82.067,57.95,False,75.0,mismatch
2463,82.1,59.12,False,75.0,mismatch
2464,82.133,59.11,False,75.0,mismatch
2465,82.167,57.91,False,75.0,mismatch
2466,82.2,58.89,False,75.0,mismatch
2467,82.233,58.65,False,75.0,mismatch
2468,82.267,58.27,False,75.0,mismatch
2469,82.3,57.96,False,75.0,mismatch
2470,82.333,58.45,False,75.0,mismatch
2471,82.367,58.37,False,75.0,mismatch
2472,82.4,58.64,False,75.0,mismatch
2473,82.433,58.63,False,75.0,mismatch
2474,82.467,58.28,False,75.0,mismatch
2475,82.5,57.85,False,75.0,mismatch
2476,82.533,58.40,False,75.0,mismatch
2477,82.567,59.70,False,75.0,mismatch
2478,82.6,59.88,False,75.0,mismatch
2479,82.633,59.57,False,75.0,mismatch
2480,82.667,59.00,False,75.0,mismatch
2481,82.7,58.94,False,75.0,mismatch
2482,82.733,59.12,False,75.0,mismatch
2483,82.767,59.12,False,75.0,mismatch
2484,82.8,59.12,False,75.0,mismatch
2485,82.833,59.35,False,75.0,mismatch
2486,82.867,58.91,False,75.0,mismatch
2487,82.9,58.96,False,75.0,mismatch
2488,82.933,59.20,False,75.0,mismatch
2489,82.967,59.56,False,75.0,mismatch
2490,83.0,59.32,False,75.0,mismatch
2491,83.033,59.17,False,75.0,mismatch
2492,83.067,58.93,False,75.0,mismatch
2493,83.1,59.44,False,75.0,mismatch
2494,83.133,58.40,False,75.0,mismatch
2495,83.167,59.90,False,75.0,mismatch
2496,83.2,58.95,False,75.0,mismatch
2497,83.233,58.50,False,75.0,mismatch
2498,83.267,58.86,False,75.0,mismatch
2499,83.3,59.50,False,75.0,mismatch
2500,83.333,58.70,False,75.0,mismatch
2501,83.367,58.91,False,75.0,mismatch
2502,83.4,59.35,False,75.0,mismatch
2503,83.433,59.48,False,75.0,mismatch
2504,83.467,59.48,False,75.0,mismatch
2505,83.5,58.97,False,75.0,mismatch
2506,83.533,59.64,False,75.0,mismatch
2507,83.567,59.01,False,75.0,mismatch
2508,83.6,59.25,False,75.0,mismatch
2509,83.633,59.21,False,75.0,mismatch
2510,83.667,60.18,False,75.0,mismatch
2511,83.7,60.08,False,75.0,mismatch
2512,83.733,59.97,False,75.0,mismatch
2513,83.767,60.00,False,75.0,mismatch
2514,83.8,58.22,False,75.0,mismatch
2515,83.833,58.78,False,75.0,mismatch
2516,83.867,61.50,False,75.0,mismatch
2517,83.9,61.24,False,75.0,mismatch
2518,83.933,60.94,False,75.0,mismatch
2519,83.967,60.92,False,75.0,mismatch
2520,84.0,59.94,False,75.0,mismatch
2521,84.033,61.50,False,75.0,mismatch
2522,84.067,60.92,False,75.0,mismatch
2523,84.1,58.22,False,75.0,mismatch
2524,84.133,58.41,False,75.0,mismatch
2525,84.167,59.59,False,75.0,mismatch
2526,84.2,58.56,False,75.0,mismatch
2527,84.233,58.94,False,75.0,mismatch
2528,84.267,58.88,False,75.0,mismatch
2529,84.3,58.51,False,75.0,mismatch
2530,84.333,59.85,False,75.0,mismatch
2531,84.367,59.34,False,75.0,mismatch
2532,84.4,61.02,False,75.0,mismatch
2533,84.433,60.98,False,75.0,mismatch
2534,84.467,61.44,False,75.0,mismatch
2535,84.5,60.72,False,75.0,mismatch
2536,84.533,60.50,False,75.0,mismatch
2537,84.567,59.97,False,75.0,mismatch
2538,84.6,60.02,False,75.0,mismatch
2539,84.633,60.10,False,75.0,mismatch
2540,84.667,60.92,False,75.0,mismatch
2541,84.7,58.94,False,75.0,mismatch
2542,84.733,58.94,False,75.0,mismatch
2543,84.767,59.74,False,75.0,mismatch
2544,84.8,59.64,False,75.0,mismatch
2545,84.833,60.03,False,75.0,mismatch
2546,84.867,59.30,False,75.0,mismatch
2547,84.9,59.18,False,75.0,mismatch
2548,84.933,59.57,False,75.0,mismatch
2549,84.967,60.67,False,75.0,mismatch
2550,85.0,61.38,False,75.0,mismatch
2551,85.033,61.38,False,75.0,mismatch
2552,85.067,60.88,False,75.0,mismatch
2553,85.1,62.66,False,75.0,mismatch
2554,85.133,61.03,False,75.0,mismatch
2555,85.167,60.93,False,75.0,mismatch
2556,85.2,61.18,False,75.0,mismatch
2557,85.233,61.59,False,75.0,mismatch
2558,85.267,61.59,False,75.0,mismatch
2559,85.3,61.63,False,75.0,mismatch
2560,85.333,61.16,False,75.0,mismatch
2561,85.367,61.11,False,75.0,mismatch
2562,85.4,61.11,False,75.0,mismatch
2563,85.433,60.29,False,75.0,mismatch
2564,85.467,61.06,False,75.0,mismatch
2565,85.5,61.06,False,75.0,mismatch
2566,85.533,60.71,False,75.0,mismatch
2567,85.567,60.71,False,75.0,mismatch
2568,85.6,60.35,False,75.0,mismatch
2569,85.633,60.49,False,75.0,mismatch
2570,85.667,61.10,False,75.0,mismatch
2571,85.7,60.93,False,75.0,mismatch
2572,85.733,61.23,False,75.0,mismatch
2573,85.767,60.19,False,75.0,mismatch
2574,85.8,59.56,False,75.0,mismatch
2575,85.833,61.14,False,75.0,mismatch
2576,85.867,60.95,False,75.0,mismatch
2577,85.9,60.91,False,75.0,mismatch
2578,85.933,60.35,False,75.0,mismatch
2579,85.967,61.12,False,75.0,mismatch
2580,86.0,60.58,False,75.0,mismatch
2581,86.033,60.64,False,75.0,mismatch
2582,86.067,60.91,False,75.0,mismatch
2583,86.1,60.85,False,75.0,mismatch
2584,86.133,,,75.0,no_face
2585,86.167,,,75.0,no_face
2586,86.2,,,75.0,no_face
2587,86.233,,,75.0,no_face
2588,86.267,,,75.0,no_face
2589,86.3,,,75.0,no_face
2590,86.333,,,75.0,no_face
2591,86.367,61.96,False,75.0,mismatch
2592,86.4,61.67,False,75.0,mismatch
2593,86.433,59.52,False,75.0,mismatch
2594,86.467,58.85,False,75.0,mismatch
2595,86.5,59.11,False,75.0,mismatch
2596,86.533,59.52,False,75.0,mismatch
2597,86.567,61.12,False,75.0,mismatch
2598,86.6,60.82,False,75.0,mismatch
2599,86.633,60.37,False,75.0,mismatch
2600,86.667,62.30,False,75.0,mismatch
2601,86.7,59.62,False,75.0,mismatch
2602,86.733,58.67,False,75.0,mismatch
2603,86.767,58.80,False,75.0,mismatch
2604,86.8,60.09,False,75.0,mismatch
2605,86.833,60.18,False,75.0,mismatch
2606,86.867,59.69,False,75.0,mismatch
2607,86.9,59.21,False,75.0,mismatch
2608,86.933,58.42,False,75.0,mismatch
2609,86.967,59.89,False,75.0,mismatch
2610,87.0,59.15,False,75.0,mismatch
2611,87.033,58.80,False,75.0,mismatch
2612,87.067,60.09,False,75.0,mismatch
2613,87.1,58.46,False,75.0,mismatch
2614,87.133,58.46,False,75.0,mismatch
2615,87.167,58.71,False,75.0,mismatch
2616,87.2,58.81,False,75.0,mismatch
2617,87.233,60.08,False,75.0,mismatch
2618,87.267,62.33,False,75.0,mismatch
2619,87.3,61.25,False,75.0,mismatch
2620,87.333,60.21,False,75.0,mismatch
2621,87.367,58.95,False,75.0,mismatch
2622,87.4,61.19,False,75.0,mismatch
2623,87.433,60.78,False,75.0,mismatch
2624,87.467,61.03,False,75.0,mismatch
2625,87.5,61.03,False,75.0,mismatch
2626,87.533,62.25,False,75.0,mismatch
2627,87.567,58.89,False,75.0,mismatch
2628,87.6,60.10,False,75.0,mismatch
2629,87.633,60.70,False,75.0,mismatch
2630,87.667,60.90,False,75.0,mismatch
2631,87.7,62.50,False,75.0,mismatch
2632,87.733,60.94,False,75.0,mismatch
2633,87.767,62.80,False,75.0,mismatch
2634,87.8,62.80,False,75.0,mismatch
2635,87.833,61.77,False,75.0,mismatch
2636,87.867,60.21,False,75.0,mismatch
2637,87.9,,,75.0,no_face
2638,87.933,,,75.0,no_face
2639,87.967,,,75.0,no_face
2640,88.0,,,75.0,no_face
2641,88.033,,,75.0,no_face
2642,88.067,,,75.0,no_face
2643,88.1,,,75.0,no_face
2644,88.133,,,75.0,no_face
2645,88.167,,,75.0,no_face
2646,88.2,,,75.0,no_face
2647,88.233,,,75.0,no_face
2648,88.267,,,75.0,no_face
2649,88.3,,,75.0,no_face
2650,88.333,,,75.0,no_face
2651,88.367,,,75.0,no_face
2652,88.4,,,75.0,no_face
2653,88.433,,,75.0,no_face
2654,88.467,,,75.0,no_face
2655,88.5,,,75.0,no_face
2656,88.533,,,75.0,no_face
2657,88.567,,,75.0,no_face
2658,88.6,,,75.0,no_face
2659,88.633,,,75.0,no_face
2660,88.667,,,75.0,no_face
2661,88.7,,,75.0,no_face
2662,88.733,63.70,False,75.0,mismatch
2663,88.767,63.47,False,75.0,mismatch
2664,88.8,62.71,False,75.0,mismatch
2665,88.833,63.05,False,75.0,mismatch
2666,88.867,64.04,False,75.0,mismatch
2667,88.9,63.12,False,75.0,mismatch
2668,88.933,63.34,False,75.0,mismatch
2669,88.967,63.16,False,75.0,mismatch
2670,89.0,62.75,False,75.0,mismatch
2671,89.033,62.26,False,75.0,mismatch
2672,89.067,62.26,False,75.0,mismatch
2673,89.1,63.88,False,75.0,mismatch
2674,89.133,63.29,False,75.0,mismatch
2675,89.167,64.02,False,75.0,mismatch
2676,89.2,64.47,False,75.0,mismatch
2677,89.233,63.95,False,75.0,mismatch
2678,89.267,,,75.0,no_face
2679,89.3,,,75.0,no_face
2680,89.333,,,75.0,no_face
2681,89.367,62.61,False,75.0,mismatch
2682,89.4,62.17,False,75.0,mismatch
2683,89.433,,,75.0,no_face
2684,89.467,,,75.0,no_face
2685,89.5,65.45,False,75.0,mismatch
2686,89.533,64.73,False,75.0,mismatch
2687,89.567,,,75.0,no_face
2688,89.6,,,75.0,no_face
2689,89.633,,,75.0,no_face
2690,89.667,,,75.0,no_face
2691,89.7,,,75.0,no_face
2692,89.733,,,75.0,no_face
2693,89.767,,,75.0,no_face
2694,89.8,,,75.0,no_face
2695,89.833,,,75.0,no_face
2696,89.867,64.70,False,75.0,mismatch
2697,89.9,64.88,False,75.0,mismatch
2698,89.933,,,75.0,no_face
2699,89.967,64.19,False,75.0,mismatch
2700,90.0,,,75.0,no_face
2701,90.033,63.41,False,75.0,mismatch
2702,90.067,62.97,False,75.0,mismatch
2703,90.1,63.13,False,75.0,mismatch
2704,90.133,64.59,False,75.0,mismatch
2705,90.167,63.77,False,75.0,mismatch
2706,90.2,63.77,False,75.0,mismatch
2707,90.233,,,75.0,no_face
2708,90.267,,,75.0,no_face
2709,90.3,63.23,False,75.0,mismatch
2710,90.333,63.21,False,75.0,mismatch
2711,90.367,,,75.0,no_face
2712,90.4,,,75.0,no_face
2713,90.433,,,75.0,no_face
2714,90.467,63.16,False,75.0,mismatch
2715,90.5,,,75.0,no_face
2716,90.533,64.56,False,75.0,mismatch
2717,90.567,65.74,False,75.0,mismatch
2718,90.6,66.74,False,75.0,mismatch
2719,90.633,66.75,False,75.0,mismatch
2720,90.667,66.16,False,75.0,mismatch
2721,90.7,66.96,False,75.0,mismatch
2722,90.733,67.14,False,75.0,mismatch
2723,90.767,63.62,False,75.0,mismatch
2724,90.8,63.48,False,75.0,mismatch
2725,90.833,,,75.0,no_face
2726,90.867,,,75.0,no_face
2727,90.9,,,75.0,no_face
2728,90.933,,,75.0,no_face
2729,90.967,,,75.0,no_face
2730,91.0,62.88,False,75.0,mismatch
2731,91.033,61.22,False,75.0,mismatch
2732,91.067,,,75.0,no_face
2733,91.1,,,75.0,no_face
2734,91.133,63.13,False,75.0,mismatch
2735,91.167,,,75.0,no_face
2736,91.2,,,75.0,no_face
2737,91.233,,,75.0,no_face
2738,91.267,63.08,False,75.0,mismatch
2739,91.3,62.18,False,75.0,mismatch
2740,91.333,,,75.0,no_face
2741,91.367,,,75.0,no_face
2742,91.4,62.63,False,75.0,mismatch
2743,91.433,61.42,False,75.0,mismatch
2744,91.467,63.05,False,75.0,mismatch
2745,91.5,62.65,False,75.0,mismatch
2746,91.533,64.56,False,75.0,mismatch
2747,91.567,65.96,False,75.0,mismatch
2748,91.6,,,75.0,no_face
2749,91.633,,,75.0,no_face
2750,91.667,,,75.0,no_face
2751,91.7,,,75.0,no_face
2752,91.733,,,75.0,no_face
2753,91.767,,,75.0,no_face
2754,91.8,,,75.0,no_face
2755,91.833,,,75.0,no_face
2756,91.867,,,75.0,no_face
2757,91.9,,,75.0,no_face
2758,91.933,,,75.0,no_face
2759,91.967,,,75.0,no_face
2760,92.0,,,75.0,no_face
2761,92.033,,,75.0,no_face
2762,92.067,,,75.0,no_face
2763,92.1,,,75.0,no_face
2764,92.133,59.11,False,75.0,mismatch
2765,92.167,59.98,False,75.0,mismatch
2766,92.2,60.09,False,75.0,mismatch
2767,92.233,62.37,False,75.0,mismatch
2768,92.267,60.34,False,75.0,mismatch
2769,92.3,59.70,False,75.0,mismatch
2770,92.333,,,75.0,no_face
2771,92.367,62.03,False,75.0,mismatch
2772,92.4,61.13,False,75.0,mismatch
2773,92.433,61.06,False,75.0,mismatch
2774,92.467,61.83,False,75.0,mismatch
2775,92.5,63.08,False,75.0,mismatch
2776,92.533,62.21,False,75.0,mismatch
2777,92.567,64.45,False,75.0,mismatch
2778,92.6,64.29,False,75.0,mismatch
2779,92.633,67.22,False,75.0,mismatch
2780,92.667,67.22,False,75.0,mismatch
2781,92.7,65.94,False,75.0,mismatch
2782,92.733,65.93,False,75.0,mismatch
2783,92.767,66.05,False,75.0,mismatch
2784,92.8,67.04,False,75.0,mismatch
2785,92.833,67.32,False,75.0,mismatch
2786,92.867,66.16,False,75.0,mismatch
2787,92.9,67.85,False,75.0,mismatch
2788,92.933,69.19,False,75.0,mismatch
2789,92.967,69.14,False,75.0,mismatch
2790,93.0,69.10,False,75.0,mismatch
2791,93.033,69.10,False,75.0,mismatch
2792,93.067,67.26,False,75.0,mismatch
2793,93.1,67.65,False,75.0,mismatch
2794,93.133,67.45,False,75.0,mismatch
2795,93.167,68.75,False,75.0,mismatch
2796,93.2,68.21,False,75.0,mismatch
2797,93.233,69.42,False,75.0,mismatch
2798,93.267,69.16,False,75.0,mismatch
2799,93.3,69.43,False,75.0,mismatch
2800,93.333,68.05,False,75.0,mismatch
2801,93.367,68.33,False,75.0,mismatch
2802,93.4,69.14,False,75.0,mismatch
2803,93.433,68.87,False,75.0,mismatch
2804,93.467,69.24,False,75.0,mismatch
2805,93.5,69.02,False,75.0,mismatch
2806,93.533,68.60,False,75.0,mismatch
2807,93.567,68.60,False,75.0,mismatch
2808,93.6,67.92,False,75.0,mismatch
2809,93.633,67.89,False,75.0,mismatch
2810,93.667,67.73,False,75.0,mismatch
2811,93.7,68.72,False,75.0,mismatch
2812,93.733,67.43,False,75.0,mismatch
2813,93.767,66.93,False,75.0,mismatch
2814,93.8,66.69,False,75.0,mismatch
2815,93.833,65.48,False,75.0,mismatch
2816,93.867,65.67,False,75.0,mismatch
2817,93.9,65.71,False,75.0,mismatch
2818,93.933,65.33,False,75.0,mismatch
2819,93.967,66.82,False,75.0,mismatch
2820,94.0,63.52,False,75.0,mismatch
2821,94.033,64.81,False,75.0,mismatch
2822,94.067,65.09,False,75.0,mismatch
2823,94.1,64.97,False,75.0,mismatch
2824,94.133,66.52,False,75.0,mismatch
2825,94.167,65.69,False,75.0,mismatch
2826,94.2,66.82,False,75.0,mismatch
2827,94.233,66.94,False,75.0,mismatch
2828,94.267,67.42,False,75.0,mismatch
2829,94.3,66.88,False,75.0,mismatch
2830,94.333,66.66,False,75.0,mismatch
2831,94.367,65.75,False,75.0,mismatch
2832,94.4,65.19,False,75.0,mismatch
2833,94.433,63.55,False,75.0,mismatch
2834,94.467,65.43,False,75.0,mismatch
2835,94.5,63.56,False,75.0,mismatch
2836,94.533,61.86,False,75.0,mismatch
2837,94.567,63.03,False,75.0,mismatch
2838,94.6,62.83,False,75.0,mismatch
2839,94.633,64.06,False,75.0,mismatch
2840,94.667,63.34,False,75.0,mismatch
2841,94.7,63.57,False,75.0,mismatch
2842,94.733,66.13,False,75.0,mismatch
2843,94.767,66.13,False,75.0,mismatch
2844,94.8,65.82,False,75.0,mismatch
2845,94.833,63.45,False,75.0,mismatch
2846,94.867,65.36,False,75.0,mismatch
2847,94.9,65.31,False,75.0,mismatch
2848,94.933,65.10,False,75.0,mismatch
2849,94.967,64.56,False,75.0,mismatch
2850,95.0,64.78,False,75.0,mismatch
2851,95.033,64.26,False,75.0,mismatch
2852,95.067,65.28,False,75.0,mismatch
2853,95.1,65.30,False,75.0,mismatch
2854,95.133,65.30,False,75.0,mismatch
2855,95.167,64.66,False,75.0,mismatch
2856,95.2,64.65,False,75.0,mismatch
2857,95.233,64.22,False,75.0,mismatch
2858,95.267,65.08,False,75.0,mismatch
2859,95.3,64.39,False,75.0,mismatch
2860,95.333,63.27,False,75.0,mismatch
2861,95.367,63.40,False,75.0,mismatch
2862,95.4,62.11,False,75.0,mismatch
2863,95.433,62.11,False,75.0,mismatch
2864,95.467,62.08,False,75.0,mismatch
2865,95.5,62.08,False,75.0,mismatch
2866,95.533,63.27,False,75.0,mismatch
2867,95.567,63.62,False,75.0,mismatch
2868,95.6,62.43,False,75.0,mismatch
2869,95.633,60.94,False,75.0,mismatch
2870,95.667,61.23,False,75.0,mismatch
2871,95.7,63.82,False,75.0,mismatch
2872,95.733,61.71,False,75.0,mismatch
2873,95.767,62.19,False,75.0,mismatch
2874,95.8,61.59,False,75.0,mismatch
2875,95.833,61.41,False,75.0,mismatch
2876,95.867,64.64,False,75.0,mismatch
2877,95.9,65.51,False,75.0,mismatch
2878,95.933,59.89,False,75.0,mismatch
2879,95.967,60.90,False,75.0,mismatch
2880,96.0,62.04,False,75.0,mismatch
2881,96.033,62.70,False,75.0,mismatch
2882,96.067,62.34,False,75.0,mismatch
2883,96.1,60.77,False,75.0,mismatch
2884,96.133,63.03,False,75.0,mismatch
2885,96.167,63.13,False,75.0,mismatch
2886,96.2,62.51,False,75.0,mismatch
2887,96.233,60.06,False,75.0,mismatch
2888,96.267,66.14,False,75.0,mismatch
2889,96.3,62.52,False,75.0,mismatch
2890,96.333,63.22,False,75.0,mismatch
2891,96.367,61.30,False,75.0,mismatch
2892,96.4,61.72,False,75.0,mismatch
2893,96.433,62.38,False,75.0,mismatch
2894,96.467,63.32,False,75.0,mismatch
2895,96.5,61.73,False,75.0,mismatch
2896,96.533,61.93,False,75.0,mismatch
2897,96.567,61.33,False,75.0,mismatch
2898,96.6,61.20,False,75.0,mismatch
2899,96.633,61.20,False,75.0,mismatch
2900,96.667,61.87,False,75.0,mismatch
2901,96.7,61.48,False,75.0,mismatch
2902,96.733,59.13,False,75.0,mismatch
2903,96.767,62.70,False,75.0,mismatch
2904,96.8,61.28,False,75.0,mismatch
2905,96.833,61.70,False,75.0,mismatch
2906,96.867,60.57,False,75.0,mismatch
2907,96.9,63.24,False,75.0,mismatch
2908,96.933,62.85,False,75.0,mismatch
2909,96.967,61.86,False,75.0,mismatch
2910,97.0,60.43,False,75.0,mismatch
2911,97.033,60.62,False,75.0,mismatch
2912,97.067,60.97,False,75.0,mismatch
2913,97.1,61.40,False,75.0,mismatch
2914,97.133,61.69,False,75.0,mismatch
2915,97.167,61.96,False,75.0,mismatch
2916,97.2,59.85,False,75.0,mismatch
2917,97.233,59.87,False,75.0,mismatch
2918,97.267,61.82,False,75.0,mismatch
2919,97.3,61.82,False,75.0,mismatch
2920,97.333,61.66,False,75.0,mismatch
2921,97.367,60.98,False,75.0,mismatch
2922,97.4,61.05,False,75.0,mismatch
2923,97.433,58.56,False,75.0,mismatch
2924,97.467,60.65,False,75.0,mismatch
2925,97.5,60.22,False,75.0,mismatch
2926,97.533,61.08,False,75.0,mismatch
2927,97.567,60.23,False,75.0,mismatch
2928,97.6,61.90,False,75.0,mismatch
2929,97.633,61.59,False,75.0,mismatch
2930,97.667,60.22,False,75.0,mismatch
2931,97.7,60.37,False,75.0,mismatch
2932,97.733,62.44,False,75.0,mismatch
2933,97.767,61.78,False,75.0,mismatch
2934,97.8,63.54,False,75.0,mismatch
2935,97.833,63.54,False,75.0,mismatch
2936,97.867,60.56,False,75.0,mismatch
2937,97.9,61.22,False,75.0,mismatch
2938,97.933,64.11,False,75.0,mismatch
2939,97.967,64.41,False,75.0,mismatch
2940,98.0,64.68,False,75.0,mismatch
2941,98.033,62.32,False,75.0,mismatch
2942,98.067,60.95,False,75.0,mismatch
2943,98.1,61.46,False,75.0,mismatch
2944,98.133,60.40,False,75.0,mismatch
2945,98.167,61.60,False,75.0,mismatch
2946,98.2,61.60,False,75.0,mismatch
2947,98.233,61.70,False,75.0,mismatch
2948,98.267,65.01,False,75.0,mismatch
2949,98.3,64.22,False,75.0,mismatch
2950,98.333,64.74,False,75.0,mismatch
2951,98.367,65.27,False,75.0,mismatch
2952,98.4,63.80,False,75.0,mismatch
2953,98.433,63.21,False,75.0,mismatch
2954,98.467,64.78,False,75.0,mismatch
2955,98.5,63.98,False,75.0,mismatch
2956,98.533,63.31,False,75.0,mismatch
2957,98.567,63.64,False,75.0,mismatch
2958,98.6,63.77,False,75.0,mismatch
2959,98.633,60.41,False,75.0,mismatch
2960,98.667,59.57,False,75.0,mismatch
2961,98.7,60.79,False,75.0,mismatch
2962,98.733,60.79,False,75.0,mismatch
2963,98.767,64.50,False,75.0,mismatch
2964,98.8,61.14,False,75.0,mismatch
2965,98.833,60.62,False,75.0,mismatch
2966,98.867,64.40,False,75.0,mismatch
2967,98.9,63.31,False,75.0,mismatch
2968,98.933,61.52,False,75.0,mismatch
2969,98.967,59.66,False,75.0,mismatch
2970,99.0,60.04,False,75.0,mismatch
2971,99.033,60.04,False,75.0,mismatch
2972,99.067,62.89,False,75.0,mismatch
2973,99.1,62.89,False,75.0,mismatch
2974,99.133,64.05,False,75.0,mismatch
2975,99.167,64.86,False,75.0,mismatch
2976,99.2,64.87,False,75.0,mismatch
2977,99.233,65.59,False,75.0,mismatch
2978,99.267,64.44,False,75.0,mismatch
2979,99.3,58.85,False,75.0,mismatch
2980,99.333,59.97,False,75.0,mismatch
2981,99.367,58.48,False,75.0,mismatch
2982,99.4,58.48,False,75.0,mismatch
2983,99.433,,,75.0,no_face
2984,99.467,,,75.0,no_face
2985,99.5,,,75.0,no_face
2986,99.533,,,75.0,no_face
2987,99.567,,,75.0,no_face
2988,99.6,,,75.0,no_face
2989,99.633,65.48,False,75.0,mismatch
2990,99.667,64.32,False,75.0,mismatch
2991,99.7,64.27,False,75.0,mismatch
2992,99.733,64.27,False,75.0,mismatch
2993,99.767,61.68,False,75.0,mismatch
2994,99.8,62.01,False,75.0,mismatch
2995,99.833,59.17,False,75.0,mismatch
2996,99.867,59.27,False,75.0,mismatch
2997,99.9,64.65,False,75.0,mismatch
2998,99.933,63.64,False,75.0,mismatch
2999,99.967,63.05,False,75.0,mismatch
3000,100.0,63.46,False,75.0,mismatch
3001,100.033,,,75.0,no_face
3002,100.067,,,75.0,no_face
3003,100.1,,,75.0,no_face
3004,100.133,57.23,False,75.0,mismatch
3005,100.167,59.00,False,75.0,mismatch
3006,100.2,61.18,False,75.0,mismatch
3007,100.233,60.92,False,75.0,mismatch
3008,100.267,60.63,False,75.0,mismatch
3009,100.3,62.44,False,75.0,mismatch
3010,100.333,62.21,False,75.0,mismatch
3011,100.367,,,75.0,no_face
3012,100.4,65.92,False,75.0,mismatch
3013,100.433,,,75.0,no_face
3014,100.467,,,75.0,no_face
3015,100.5,,,75.0,no_face
3016,100.533,,,75.0,no_face
3017,100.567,,,75.0,no_face
3018,100.6,,,75.0,no_face
3019,100.633,69.41,False,75.0,mismatch
3020,100.667,69.82,False,75.0,mismatch
3021,100.7,,,75.0,no_face
3022,100.733,,,75.0,no_face
3023,100.767,,,75.0,no_face
3024,100.8,,,75.0,no_face
3025,100.833,,,75.0,no_face
3026,100.867,,,75.0,no_face
3027,100.9,,,75.0,no_face
3028,100.933,,,75.0,no_face
3029,100.967,,,75.0,no_face
3030,101.0,,,75.0,no_face
3031,101.033,,,75.0,no_face
3032,101.067,,,75.0,no_face
3033,101.1,,,75.0,no_face
3034,101.133,,,75.0,no_face
3035,101.167,,,75.0,no_face
3036,101.2,,,75.0,no_face
3037,101.233,,,75.0,no_face
3038,101.267,,,75.0,no_face
3039,101.3,,,75.0,no_face
3040,101.333,,,75.0,no_face
3041,101.367,,,75.0,no_face
3042,101.4,,,75.0,no_face
3043,101.433,,,75.0,no_face
3044,101.467,,,75.0,no_face
3045,101.5,,,75.0,no_face
3046,101.533,,,75.0,no_face
3047,101.567,,,75.0,no_face
3048,101.6,,,75.0,no_face
3049,101.633,,,75.0,no_face
3050,101.667,,,75.0,no_face
3051,101.7,,,75.0,no_face
3052,101.733,,,75.0,no_face
3053,101.767,,,75.0,no_face
3054,101.8,,,75.0,no_face
3055,101.833,,,75.0,no_face
3056,101.867,,,75.0,no_face
3057,101.9,,,75.0,no_face
3058,101.933,,,75.0,no_face
3059,101.967,,,75.0,no_face
3060,102.0,,,75.0,no_face
3061,102.033,,,75.0,no_face
3062,102.067,,,75.0,no_face
3063,102.1,,,75.0,no_face
3064,102.133,,,75.0,no_face
3065,102.167,,,75.0,no_face
3066,102.2,,,75.0,no_face
3067,102.233,,,75.0,no_face
3068,102.267,,,75.0,no_face
3069,102.3,,,75.0,no_face
3070,102.333,,,75.0,no_face
3071,102.367,,,75.0,no_face
3072,102.4,,,75.0,no_face
3073,102.433,,,75.0,no_face
3074,102.467,,,75.0,no_face
3075,102.5,,,75.0,no_face
3076,102.533,,,75.0,no_face
3077,102.567,,,75.0,no_face
3078,102.6,,,75.0,no_face
3079,102.633,,,75.0,no_face
3080,102.667,,,75.0,no_face
3081,102.7,,,75.0,no_face
3082,102.733,,,75.0,no_face
3083,102.767,,,75.0,no_face
3084,102.8,,,75.0,no_face
3085,102.833,,,75.0,no_face
3086,102.867,,,75.0,no_face
3087,102.9,,,75.0,no_face
3088,102.933,,,75.0,no_face
3089,102.967,,,75.0,no_face
3090,103.0,,,75.0,no_face
3091,103.033,,,75.0,no_face
3092,103.067,,,75.0,no_face
3093,103.1,,,75.0,no_face
3094,103.133,,,75.0,no_face
3095,103.167,,,75.0,no_face
3096,103.2,,,75.0,no_face
3097,103.233,,,75.0,no_face
3098,103.267,,,75.0,no_face
3099,103.3,,,75.0,no_face
3100,103.333,,,75.0,no_face
3101,103.367,,,75.0,no_face
3102,103.4,,,75.0,no_face
3103,103.433,,,75.0,no_face
3104,103.467,,,75.0,no_face
3105,103.5,,,75.0,no_face
3106,103.533,,,75.0,no_face
3107,103.567,,,75.0,no_face
3108,103.6,,,75.0,no_face
3109,103.633,,,75.0,no_face
3110,103.667,,,75.0,no_face
3111,103.7,,,75.0,no_face
3112,103.733,,,75.0,no_face
3113,103.767,,,75.0,no_face
3114,103.8,,,75.0,no_face
3115,103.833,,,75.0,no_face
3116,103.867,,,75.0,no_face
3117,103.9,,,75.0,no_face
3118,103.933,,,75.0,no_face
3119,103.967,,,75.0,no_face
3120,104.0,,,75.0,no_face
3121,104.033,,,75.0,no_face
3122,104.067,,,75.0,no_face
3123,104.1,,,75.0,no_face
3124,104.133,,,75.0,no_face
3125,104.167,,,75.0,no_face
3126,104.2,,,75.0,no_face
3127,104.233,,,75.0,no_face
3128,104.267,,,75.0,no_face
3129,104.3,,,75.0,no_face
3130,104.333,,,75.0,no_face
3131,104.367,,,75.0,no_face
3132,104.4,,,75.0,no_face
3133,104.433,,,75.0,no_face
3134,104.467,,,75.0,no_face
3135,104.5,,,75.0,no_face
3136,104.533,,,75.0,no_face
3137,104.567,,,75.0,no_face
3138,104.6,,,75.0,no_face
3139,104.633,,,75.0,no_face
3140,104.667,,,75.0,no_face
3141,104.7,,,75.0,no_face
3142,104.733,,,75.0,no_face
3143,104.767,,,75.0,no_face
3144,104.8,,,75.0,no_face
3145,104.833,,,75.0,no_face
3146,104.867,,,75.0,no_face
3147,104.9,,,75.0,no_face
3148,104.933,,,75.0,no_face
3149,104.967,,,75.0,no_face
3150,105.0,,,75.0,no_face
3151,105.033,,,75.0,no_face
3152,105.067,,,75.0,no_face
3153,105.1,,,75.0,no_face
3154,105.133,,,75.0,no_face
3155,105.167,,,75.0,no_face
3156,105.2,,,75.0,no_face
3157,105.233,,,75.0,no_face
3158,105.267,,,75.0,no_face
3159,105.3,,,75.0,no_face
3160,105.333,,,75.0,no_face
3161,105.367,,,75.0,no_face
3162,105.4,,,75.0,no_face
3163,105.433,,,75.0,no_face
3164,105.467,,,75.0,no_face
3165,105.5,,,75.0,no_face
3166,105.533,,,75.0,no_face
3167,105.567,,,75.0,no_face
3168,105.6,,,75.0,no_face
3169,105.633,,,75.0,no_face
3170,105.667,,,75.0,no_face
3171,105.7,,,75.0,no_face
3172,105.733,,,75.0,no_face
3173,105.767,,,75.0,no_face
3174,105.8,,,75.0,no_face
3175,105.833,,,75.0,no_face
3176,105.867,,,75.0,no_face
3177,105.9,,,75.0,no_face
3178,105.933,,,75.0,no_face
3179,105.967,,,75.0,no_face
3180,106.0,,,75.0,no_face
3181,106.033,,,75.0,no_face
3182,106.067,,,75.0,no_face
3183,106.1,,,75.0,no_face
3184,106.133,,,75.0,no_face
3185,106.167,,,75.0,no_face
3186,106.2,,,75.0,no_face
3187,106.233,,,75.0,no_face
3188,106.267,,,75.0,no_face
3189,106.3,,,75.0,no_face
3190,106.333,,,75.0,no_face
3191,106.367,,,75.0,no_face
3192,106.4,,,75.0,no_face
3193,106.433,,,75.0,no_face
3194,106.467,,,75.0,no_face
3195,106.5,,,75.0,no_face
3196,106.533,,,75.0,no_face
3197,106.567,,,75.0,no_face
3198,106.6,,,75.0,no_face
3199,106.633,,,75.0,no_face
3200,106.667,,,75.0,no_face
3201,106.7,,,75.0,no_face
3202,106.733,,,75.0,no_face
3203,106.767,,,75.0,no_face
3204,106.8,,,75.0,no_face
3205,106.833,,,75.0,no_face
3206,106.867,,,75.0,no_face
3207,106.9,,,75.0,no_face
3208,106.933,,,75.0,no_face
3209,106.967,,,75.0,no_face
3210,107.0,,,75.0,no_face
3211,107.033,,,75.0,no_face
3212,107.067,,,75.0,no_face
3213,107.1,,,75.0,no_face
3214,107.133,,,75.0,no_face
3215,107.167,,,75.0,no_face
3216,107.2,,,75.0,no_face
3217,107.233,,,75.0,no_face
3218,107.267,,,75.0,no_face
3219,107.3,,,75.0,no_face
3220,107.333,,,75.0,no_face
3221,107.367,,,75.0,no_face
3222,107.4,,,75.0,no_face
3223,107.433,,,75.0,no_face
3224,107.467,,,75.0,no_face
3225,107.5,,,75.0,no_face
3226,107.533,,,75.0,no_face
3227,107.567,,,75.0,no_face
3228,107.6,,,75.0,no_face
3229,107.633,,,75.0,no_face
3230,107.667,,,75.0,no_face
3231,107.7,,,75.0,no_face
3232,107.733,,,75.0,no_face
3233,107.767,,,75.0,no_face
3234,107.8,,,75.0,no_face
3235,107.833,,,75.0,no_face
3236,107.867,,,75.0,no_face
3237,107.9,,,75.0,no_face
3238,107.933,,,75.0,no_face
3239,107.967,,,75.0,no_face
3240,108.0,,,75.0,no_face
3241,108.033,,,75.0,no_face
3242,108.067,,,75.0,no_face
3243,108.1,,,75.0,no_face
3244,108.133,,,75.0,no_face
3245,108.167,,,75.0,no_face
3246,108.2,,,75.0,no_face
3247,108.233,,,75.0,no_face
3248,108.267,,,75.0,no_face
3249,108.3,,,75.0,no_face
3250,108.333,,,75.0,no_face
3251,108.367,,,75.0,no_face
3252,108.4,,,75.0,no_face
3253,108.433,,,75.0,no_face
3254,108.467,,,75.0,no_face
3255,108.5,,,75.0,no_face
3256,108.533,,,75.0,no_face
3257,108.567,,,75.0,no_face
3258,108.6,,,75.0,no_face
3259,108.633,,,75.0,no_face
3260,108.667,,,75.0,no_face
3261,108.7,,,75.0,no_face
3262,108.733,,,75.0,no_face
3263,108.767,,,75.0,no_face
3264,108.8,,,75.0,no_face
3265,108.833,,,75.0,no_face
3266,108.867,,,75.0,no_face
3267,108.9,,,75.0,no_face
3268,108.933,,,75.0,no_face
3269,108.967,,,75.0,no_face
3270,109.0,,,75.0,no_face
3271,109.033,,,75.0,no_face
3272,109.067,,,75.0,no_face
3273,109.1,,,75.0,no_face
3274,109.133,,,75.0,no_face
3275,109.167,,,75.0,no_face
3276,109.2,,,75.0,no_face
3277,109.233,,,75.0,no_face
3278,109.267,,,75.0,no_face
3279,109.3,,,75.0,no_face
3280,109.333,,,75.0,no_face
3281,109.367,,,75.0,no_face
3282,109.4,,,75.0,no_face
3283,109.433,,,75.0,no_face
3284,109.467,,,75.0,no_face
3285,109.5,,,75.0,no_face
3286,109.533,,,75.0,no_face
3287,109.567,,,75.0,no_face
3288,109.6,,,75.0,no_face
3289,109.633,,,75.0,no_face
3290,109.667,,,75.0,no_face
3291,109.7,,,75.0,no_face
3292,109.733,,,75.0,no_face
3293,109.767,,,75.0,no_face
3294,109.8,,,75.0,no_face
3295,109.833,,,75.0,no_face
3296,109.867,,,75.0,no_face
3297,109.9,,,75.0,no_face
3298,109.933,,,75.0,no_face
3299,109.967,,,75.0,no_face
3300,110.0,,,75.0,no_face
3301,110.033,,,75.0,no_face
3302,110.067,62.76,False,75.0,mismatch
3303,110.1,62.83,False,75.0,mismatch
3304,110.133,64.20,False,75.0,mismatch
3305,110.167,63.82,False,75.0,mismatch
3306,110.2,64.31,False,75.0,mismatch
3307,110.233,64.05,False,75.0,mismatch
3308,110.267,64.25,False,75.0,mismatch
3309,110.3,64.78,False,75.0,mismatch
3310,110.333,64.56,False,75.0,mismatch
3311,110.367,67.09,False,75.0,mismatch
3312,110.4,65.84,False,75.0,mismatch
3313,110.433,63.78,False,75.0,mismatch
3314,110.467,63.39,False,75.0,mismatch
3315,110.5,63.85,False,75.0,mismatch
3316,110.533,63.93,False,75.0,mismatch
3317,110.567,65.66,False,75.0,mismatch
3318,110.6,65.41,False,75.0,mismatch
3319,110.633,64.96,False,75.0,mismatch
3320,110.667,64.47,False,75.0,mismatch
3321,110.7,64.55,False,75.0,mismatch
3322,110.733,65.12,False,75.0,mismatch
3323,110.767,65.12,False,75.0,mismatch
3324,110.8,65.55,False,75.0,mismatch
3325,110.833,64.98,False,75.0,mismatch
3326,110.867,64.26,False,75.0,mismatch
3327,110.9,62.31,False,75.0,mismatch
3328,110.933,62.28,False,75.0,mismatch
3329,110.967,64.80,False,75.0,mismatch
3330,111.0,64.80,False,75.0,mismatch
3331,111.033,64.25,False,75.0,mismatch
3332,111.067,63.76,False,75.0,mismatch
3333,111.1,62.76,False,75.0,mismatch
3334,111.133,62.27,False,75.0,mismatch
3335,111.167,62.59,False,75.0,mismatch
3336,111.2,62.20,False,75.0,mismatch
3337,111.233,62.20,False,75.0,mismatch
3338,111.267,62.22,False,75.0,mismatch
3339,111.3,62.15,False,75.0,mismatch
3340,111.333,61.95,False,75.0,mismatch
3341,111.367,60.90,False,75.0,mismatch
3342,111.4,62.08,False,75.0,mismatch
3343,111.433,62.00,False,75.0,mismatch
3344,111.467,62.75,False,75.0,mismatch
3345,111.5,62.54,False,75.0,mismatch
3346,111.533,62.86,False,75.0,mismatch
3347,111.567,62.74,False,75.0,mismatch
3348,111.6,62.61,False,75.0,mismatch
3349,111.633,62.32,False,75.0,mismatch
3350,111.667,62.45,False,75.0,mismatch
3351,111.7,62.94,False,75.0,mismatch
3352,111.733,61.62,False,75.0,mismatch
3353,111.767,62.23,False,75.0,mismatch
3354,111.8,58.87,False,75.0,mismatch
3355,111.833,65.56,False,75.0,mismatch
3356,111.867,64.52,False,75.0,mismatch
3357,111.9,64.52,False,75.0,mismatch
3358,111.933,60.52,False,75.0,mismatch
3359,111.967,60.25,False,75.0,mismatch
3360,112.0,61.00,False,75.0,mismatch
3361,112.033,65.61,False,75.0,mismatch
3362,112.067,62.56,False,75.0,mismatch
3363,112.1,62.77,False,75.0,mismatch
3364,112.133,61.77,False,75.0,mismatch
3365,112.167,63.88,False,75.0,mismatch
3366,112.2,62.32,False,75.0,mismatch
3367,112.233,61.28,False,75.0,mismatch
3368,112.267,62.11,False,75.0,mismatch
3369,112.3,,,75.0,no_face
3370,112.333,,,75.0,no_face
3371,112.367,,,75.0,no_face
3372,112.4,,,75.0,no_face
3373,112.433,,,75.0,no_face
3374,112.467,,,75.0,no_face
3375,112.5,,,75.0,no_face
3376,112.533,,,75.0,no_face
3377,112.567,,,75.0,no_face
3378,112.6,63.80,False,75.0,mismatch
3379,112.633,64.91,False,75.0,mismatch
3380,112.667,61.17,False,75.0,mismatch
3381,112.7,61.81,False,75.0,mismatch
3382,112.733,62.83,False,75.0,mismatch
3383,112.767,62.46,False,75.0,mismatch
3384,112.8,62.37,False,75.0,mismatch
3385,112.833,62.00,False,75.0,mismatch
3386,112.867,62.11,False,75.0,mismatch
3387,112.9,60.98,False,75.0,mismatch
3388,112.933,60.29,False,75.0,mismatch
3389,112.967,61.67,False,75.0,mismatch
3390,113.0,61.67,False,75.0,mismatch
3391,113.033,60.75,False,75.0,mismatch
